/Users/bryan/Library/Python/3.9/lib/python/site-packages/urllib3/__init__.py:35: NotOpenSSLWarning: urllib3 v2 only supports OpenSSL 1.1.1+, currently the 'ssl' module is compiled with 'LibreSSL 2.8.3'. See: https://github.com/urllib3/urllib3/issues/3020
  warnings.warn(
[cookies][info] Extracted 124 cookies from Safari
/Users/bryan/BGit/Bryan_git/UAP_Murder_Docus/Physics/Physics_Math/patents_intl/1_Track/Tweets_RedCollie1/tweets/raw_download/2046583790269587839_1.jpg
/Users/bryan/BGit/Bryan_git/UAP_Murder_Docus/Physics/Physics_Math/patents_intl/1_Track/Tweets_RedCollie1/tweets/raw_download/2046336158775263618_1.jpg
/Users/bryan/BGit/Bryan_git/UAP_Murder_Docus/Physics/Physics_Math/patents_intl/1_Track/Tweets_RedCollie1/tweets/raw_download/2046336158775263618_2.png
/Users/bryan/BGit/Bryan_git/UAP_Murder_Docus/Physics/Physics_Math/patents_intl/1_Track/Tweets_RedCollie1/tweets/raw_download/2046171667815125122_1.png
/Users/bryan/BGit/Bryan_git/UAP_Murder_Docus/Physics/Physics_Math/patents_intl/1_Track/Tweets_RedCollie1/tweets/raw_download/2046171667815125122_2.jpg
/Users/bryan/BGit/Bryan_git/UAP_Murder_Docus/Physics/Physics_Math/patents_intl/1_Track/Tweets_RedCollie1/tweets/raw_download/2046171667815125122_3.png
/Users/bryan/BGit/Bryan_git/UAP_Murder_Docus/Physics/Physics_Math/patents_intl/1_Track/Tweets_RedCollie1/tweets/raw_download/2045810960544207197_1.jpg
/Users/bryan/BGit/Bryan_git/UAP_Murder_Docus/Physics/Physics_Math/patents_intl/1_Track/Tweets_RedCollie1/tweets/raw_download/2045810960544207197_2.jpg
/Users/bryan/BGit/Bryan_git/UAP_Murder_Docus/Physics/Physics_Math/patents_intl/1_Track/Tweets_RedCollie1/tweets/raw_download/2045609112663208007_1.jpg
/Users/bryan/BGit/Bryan_git/UAP_Murder_Docus/Physics/Physics_Math/patents_intl/1_Track/Tweets_RedCollie1/tweets/raw_download/2045431344088363504_1.png
/Users/bryan/BGit/Bryan_git/UAP_Murder_Docus/Physics/Physics_Math/patents_intl/1_Track/Tweets_RedCollie1/tweets/raw_download/2045431344088363504_2.jpg
/Users/bryan/BGit/Bryan_git/UAP_Murder_Docus/Physics/Physics_Math/patents_intl/1_Track/Tweets_RedCollie1/tweets/raw_download/2045220624310874519_1.jpg
/Users/bryan/BGit/Bryan_git/UAP_Murder_Docus/Physics/Physics_Math/patents_intl/1_Track/Tweets_RedCollie1/tweets/raw_download/2045139384337416284_1.png
/Users/bryan/BGit/Bryan_git/UAP_Murder_Docus/Physics/Physics_Math/patents_intl/1_Track/Tweets_RedCollie1/tweets/raw_download/2045139384337416284_2.jpg
/Users/bryan/BGit/Bryan_git/UAP_Murder_Docus/Physics/Physics_Math/patents_intl/1_Track/Tweets_RedCollie1/tweets/raw_download/2045084736876314949_1.jpg
/Users/bryan/BGit/Bryan_git/UAP_Murder_Docus/Physics/Physics_Math/patents_intl/1_Track/Tweets_RedCollie1/tweets/raw_download/2044929197156544517_1.jpg
/Users/bryan/BGit/Bryan_git/UAP_Murder_Docus/Physics/Physics_Math/patents_intl/1_Track/Tweets_RedCollie1/tweets/raw_download/2044847098454253658_1.jpg
/Users/bryan/BGit/Bryan_git/UAP_Murder_Docus/Physics/Physics_Math/patents_intl/1_Track/Tweets_RedCollie1/tweets/raw_download/2044506352307908811_1.jpg
/Users/bryan/BGit/Bryan_git/UAP_Murder_Docus/Physics/Physics_Math/patents_intl/1_Track/Tweets_RedCollie1/tweets/raw_download/2044710615306936761_1.jpg
/Users/bryan/BGit/Bryan_git/UAP_Murder_Docus/Physics/Physics_Math/patents_intl/1_Track/Tweets_RedCollie1/tweets/raw_download/2044710615306936761_2.png
/Users/bryan/BGit/Bryan_git/UAP_Murder_Docus/Physics/Physics_Math/patents_intl/1_Track/Tweets_RedCollie1/tweets/raw_download/2044704779075547621_1.jpg
/Users/bryan/BGit/Bryan_git/UAP_Murder_Docus/Physics/Physics_Math/patents_intl/1_Track/Tweets_RedCollie1/tweets/raw_download/2044704779075547621_2.jpg
/Users/bryan/BGit/Bryan_git/UAP_Murder_Docus/Physics/Physics_Math/patents_intl/1_Track/Tweets_RedCollie1/tweets/raw_download/2044333604235362522_1.jpg
/Users/bryan/BGit/Bryan_git/UAP_Murder_Docus/Physics/Physics_Math/patents_intl/1_Track/Tweets_RedCollie1/tweets/raw_download/2044033685406523494_1.jpg
/Users/bryan/BGit/Bryan_git/UAP_Murder_Docus/Physics/Physics_Math/patents_intl/1_Track/Tweets_RedCollie1/tweets/raw_download/2044033685406523494_2.jpg
/Users/bryan/BGit/Bryan_git/UAP_Murder_Docus/Physics/Physics_Math/patents_intl/1_Track/Tweets_RedCollie1/tweets/raw_download/2044033685406523494_3.png
/Users/bryan/BGit/Bryan_git/UAP_Murder_Docus/Physics/Physics_Math/patents_intl/1_Track/Tweets_RedCollie1/tweets/raw_download/2043660831695556647_1.jpg
/Users/bryan/BGit/Bryan_git/UAP_Murder_Docus/Physics/Physics_Math/patents_intl/1_Track/Tweets_RedCollie1/tweets/raw_download/2043660831695556647_2.jpg
/Users/bryan/BGit/Bryan_git/UAP_Murder_Docus/Physics/Physics_Math/patents_intl/1_Track/Tweets_RedCollie1/tweets/raw_download/2043660831695556647_3.jpg
/Users/bryan/BGit/Bryan_git/UAP_Murder_Docus/Physics/Physics_Math/patents_intl/1_Track/Tweets_RedCollie1/tweets/raw_download/2043660831695556647_4.jpg
/Users/bryan/BGit/Bryan_git/UAP_Murder_Docus/Physics/Physics_Math/patents_intl/1_Track/Tweets_RedCollie1/tweets/raw_download/2043357725984199127_1.jpg
/Users/bryan/BGit/Bryan_git/UAP_Murder_Docus/Physics/Physics_Math/patents_intl/1_Track/Tweets_RedCollie1/tweets/raw_download/2042937057027178551_1.mp4
/Users/bryan/BGit/Bryan_git/UAP_Murder_Docus/Physics/Physics_Math/patents_intl/1_Track/Tweets_RedCollie1/tweets/raw_download/2042365270736392213_1.jpg
/Users/bryan/BGit/Bryan_git/UAP_Murder_Docus/Physics/Physics_Math/patents_intl/1_Track/Tweets_RedCollie1/tweets/raw_download/2042365270736392213_2.jpg
/Users/bryan/BGit/Bryan_git/UAP_Murder_Docus/Physics/Physics_Math/patents_intl/1_Track/Tweets_RedCollie1/tweets/raw_download/2042365270736392213_3.jpg
/Users/bryan/BGit/Bryan_git/UAP_Murder_Docus/Physics/Physics_Math/patents_intl/1_Track/Tweets_RedCollie1/tweets/raw_download/2042365270736392213_4.jpg
/Users/bryan/BGit/Bryan_git/UAP_Murder_Docus/Physics/Physics_Math/patents_intl/1_Track/Tweets_RedCollie1/tweets/raw_download/2041935855485382991_1.jpg
/Users/bryan/BGit/Bryan_git/UAP_Murder_Docus/Physics/Physics_Math/patents_intl/1_Track/Tweets_RedCollie1/tweets/raw_download/2041935855485382991_2.jpg
/Users/bryan/BGit/Bryan_git/UAP_Murder_Docus/Physics/Physics_Math/patents_intl/1_Track/Tweets_RedCollie1/tweets/raw_download/2041935855485382991_3.jpg
/Users/bryan/BGit/Bryan_git/UAP_Murder_Docus/Physics/Physics_Math/patents_intl/1_Track/Tweets_RedCollie1/tweets/raw_download/2041935855485382991_4.jpg
/Users/bryan/BGit/Bryan_git/UAP_Murder_Docus/Physics/Physics_Math/patents_intl/1_Track/Tweets_RedCollie1/tweets/raw_download/2041620271304445957_1.jpg
/Users/bryan/BGit/Bryan_git/UAP_Murder_Docus/Physics/Physics_Math/patents_intl/1_Track/Tweets_RedCollie1/tweets/raw_download/2041620271304445957_2.png
/Users/bryan/BGit/Bryan_git/UAP_Murder_Docus/Physics/Physics_Math/patents_intl/1_Track/Tweets_RedCollie1/tweets/raw_download/2041620271304445957_3.jpg
/Users/bryan/BGit/Bryan_git/UAP_Murder_Docus/Physics/Physics_Math/patents_intl/1_Track/Tweets_RedCollie1/tweets/raw_download/2041536364747874394_1.jpg
/Users/bryan/BGit/Bryan_git/UAP_Murder_Docus/Physics/Physics_Math/patents_intl/1_Track/Tweets_RedCollie1/tweets/raw_download/2041536364747874394_2.jpg
/Users/bryan/BGit/Bryan_git/UAP_Murder_Docus/Physics/Physics_Math/patents_intl/1_Track/Tweets_RedCollie1/tweets/raw_download/2041536364747874394_3.jpg
/Users/bryan/BGit/Bryan_git/UAP_Murder_Docus/Physics/Physics_Math/patents_intl/1_Track/Tweets_RedCollie1/tweets/raw_download/2041492735115378969_1.mp4
/Users/bryan/BGit/Bryan_git/UAP_Murder_Docus/Physics/Physics_Math/patents_intl/1_Track/Tweets_RedCollie1/tweets/raw_download/2040556844985303084_1.jpg
/Users/bryan/BGit/Bryan_git/UAP_Murder_Docus/Physics/Physics_Math/patents_intl/1_Track/Tweets_RedCollie1/tweets/raw_download/2040556844985303084_2.jpg
/Users/bryan/BGit/Bryan_git/UAP_Murder_Docus/Physics/Physics_Math/patents_intl/1_Track/Tweets_RedCollie1/tweets/raw_download/2040556844985303084_3.jpg
/Users/bryan/BGit/Bryan_git/UAP_Murder_Docus/Physics/Physics_Math/patents_intl/1_Track/Tweets_RedCollie1/tweets/raw_download/2040556844985303084_4.png
/Users/bryan/BGit/Bryan_git/UAP_Murder_Docus/Physics/Physics_Math/patents_intl/1_Track/Tweets_RedCollie1/tweets/raw_download/2040346724938436992_1.mp4
/Users/bryan/BGit/Bryan_git/UAP_Murder_Docus/Physics/Physics_Math/patents_intl/1_Track/Tweets_RedCollie1/tweets/raw_download/2039709664821031042_1.jpg
/Users/bryan/BGit/Bryan_git/UAP_Murder_Docus/Physics/Physics_Math/patents_intl/1_Track/Tweets_RedCollie1/tweets/raw_download/2039709664821031042_2.jpg
/Users/bryan/BGit/Bryan_git/UAP_Murder_Docus/Physics/Physics_Math/patents_intl/1_Track/Tweets_RedCollie1/tweets/raw_download/2039709664821031042_3.jpg
/Users/bryan/BGit/Bryan_git/UAP_Murder_Docus/Physics/Physics_Math/patents_intl/1_Track/Tweets_RedCollie1/tweets/raw_download/2039709664821031042_4.jpg
/Users/bryan/BGit/Bryan_git/UAP_Murder_Docus/Physics/Physics_Math/patents_intl/1_Track/Tweets_RedCollie1/tweets/raw_download/2039312588601766232_1.jpg
/Users/bryan/BGit/Bryan_git/UAP_Murder_Docus/Physics/Physics_Math/patents_intl/1_Track/Tweets_RedCollie1/tweets/raw_download/2039312588601766232_2.jpg
/Users/bryan/BGit/Bryan_git/UAP_Murder_Docus/Physics/Physics_Math/patents_intl/1_Track/Tweets_RedCollie1/tweets/raw_download/2039312588601766232_3.jpg
/Users/bryan/BGit/Bryan_git/UAP_Murder_Docus/Physics/Physics_Math/patents_intl/1_Track/Tweets_RedCollie1/tweets/raw_download/2038607329814315175_1.mp4
/Users/bryan/BGit/Bryan_git/UAP_Murder_Docus/Physics/Physics_Math/patents_intl/1_Track/Tweets_RedCollie1/tweets/raw_download/2037867201722556541_1.mp4
/Users/bryan/BGit/Bryan_git/UAP_Murder_Docus/Physics/Physics_Math/patents_intl/1_Track/Tweets_RedCollie1/tweets/raw_download/2038563839889850688_1.png
/Users/bryan/BGit/Bryan_git/UAP_Murder_Docus/Physics/Physics_Math/patents_intl/1_Track/Tweets_RedCollie1/tweets/raw_download/2037105200826089746_1.jpg
/Users/bryan/BGit/Bryan_git/UAP_Murder_Docus/Physics/Physics_Math/patents_intl/1_Track/Tweets_RedCollie1/tweets/raw_download/2037105200826089746_2.jpg
/Users/bryan/BGit/Bryan_git/UAP_Murder_Docus/Physics/Physics_Math/patents_intl/1_Track/Tweets_RedCollie1/tweets/raw_download/2037105200826089746_3.jpg
/Users/bryan/BGit/Bryan_git/UAP_Murder_Docus/Physics/Physics_Math/patents_intl/1_Track/Tweets_RedCollie1/tweets/raw_download/2036034698892235165_1.jpg
/Users/bryan/BGit/Bryan_git/UAP_Murder_Docus/Physics/Physics_Math/patents_intl/1_Track/Tweets_RedCollie1/tweets/raw_download/2036034698892235165_2.png
/Users/bryan/BGit/Bryan_git/UAP_Murder_Docus/Physics/Physics_Math/patents_intl/1_Track/Tweets_RedCollie1/tweets/raw_download/2035448553225498960_1.jpg
/Users/bryan/BGit/Bryan_git/UAP_Murder_Docus/Physics/Physics_Math/patents_intl/1_Track/Tweets_RedCollie1/tweets/raw_download/2035448553225498960_2.jpg
/Users/bryan/BGit/Bryan_git/UAP_Murder_Docus/Physics/Physics_Math/patents_intl/1_Track/Tweets_RedCollie1/tweets/raw_download/2035251068993413267_1.jpg
/Users/bryan/BGit/Bryan_git/UAP_Murder_Docus/Physics/Physics_Math/patents_intl/1_Track/Tweets_RedCollie1/tweets/raw_download/2035251068993413267_2.jpg
/Users/bryan/BGit/Bryan_git/UAP_Murder_Docus/Physics/Physics_Math/patents_intl/1_Track/Tweets_RedCollie1/tweets/raw_download/2035251068993413267_3.jpg
/Users/bryan/BGit/Bryan_git/UAP_Murder_Docus/Physics/Physics_Math/patents_intl/1_Track/Tweets_RedCollie1/tweets/raw_download/2035251068993413267_4.jpg
/Users/bryan/BGit/Bryan_git/UAP_Murder_Docus/Physics/Physics_Math/patents_intl/1_Track/Tweets_RedCollie1/tweets/raw_download/2034890787033366710_1.mp4
/Users/bryan/BGit/Bryan_git/UAP_Murder_Docus/Physics/Physics_Math/patents_intl/1_Track/Tweets_RedCollie1/tweets/raw_download/2034890787033366710_2.jpg
/Users/bryan/BGit/Bryan_git/UAP_Murder_Docus/Physics/Physics_Math/patents_intl/1_Track/Tweets_RedCollie1/tweets/raw_download/2034687034871173161_1.jpg
/Users/bryan/BGit/Bryan_git/UAP_Murder_Docus/Physics/Physics_Math/patents_intl/1_Track/Tweets_RedCollie1/tweets/raw_download/2034687034871173161_2.jpg
/Users/bryan/BGit/Bryan_git/UAP_Murder_Docus/Physics/Physics_Math/patents_intl/1_Track/Tweets_RedCollie1/tweets/raw_download/2034687034871173161_3.jpg
/Users/bryan/BGit/Bryan_git/UAP_Murder_Docus/Physics/Physics_Math/patents_intl/1_Track/Tweets_RedCollie1/tweets/raw_download/2034687034871173161_4.jpg
/Users/bryan/BGit/Bryan_git/UAP_Murder_Docus/Physics/Physics_Math/patents_intl/1_Track/Tweets_RedCollie1/tweets/raw_download/2034799673488060824_1.mp4
/Users/bryan/BGit/Bryan_git/UAP_Murder_Docus/Physics/Physics_Math/patents_intl/1_Track/Tweets_RedCollie1/tweets/raw_download/2034119389503492124_1.mp4
/Users/bryan/BGit/Bryan_git/UAP_Murder_Docus/Physics/Physics_Math/patents_intl/1_Track/Tweets_RedCollie1/tweets/raw_download/2032237062305300991_1.png
/Users/bryan/BGit/Bryan_git/UAP_Murder_Docus/Physics/Physics_Math/patents_intl/1_Track/Tweets_RedCollie1/tweets/raw_download/2032237062305300991_2.png
/Users/bryan/BGit/Bryan_git/UAP_Murder_Docus/Physics/Physics_Math/patents_intl/1_Track/Tweets_RedCollie1/tweets/raw_download/2032237062305300991_3.jpg
/Users/bryan/BGit/Bryan_git/UAP_Murder_Docus/Physics/Physics_Math/patents_intl/1_Track/Tweets_RedCollie1/tweets/raw_download/2032237062305300991_4.jpg
/Users/bryan/BGit/Bryan_git/UAP_Murder_Docus/Physics/Physics_Math/patents_intl/1_Track/Tweets_RedCollie1/tweets/raw_download/2033978942281904620_1.png
/Users/bryan/BGit/Bryan_git/UAP_Murder_Docus/Physics/Physics_Math/patents_intl/1_Track/Tweets_RedCollie1/tweets/raw_download/2033978942281904620_2.png
/Users/bryan/BGit/Bryan_git/UAP_Murder_Docus/Physics/Physics_Math/patents_intl/1_Track/Tweets_RedCollie1/tweets/raw_download/2033978942281904620_3.jpg
/Users/bryan/BGit/Bryan_git/UAP_Murder_Docus/Physics/Physics_Math/patents_intl/1_Track/Tweets_RedCollie1/tweets/raw_download/2033361090235474001_1.png
/Users/bryan/BGit/Bryan_git/UAP_Murder_Docus/Physics/Physics_Math/patents_intl/1_Track/Tweets_RedCollie1/tweets/raw_download/2033361090235474001_2.png
/Users/bryan/BGit/Bryan_git/UAP_Murder_Docus/Physics/Physics_Math/patents_intl/1_Track/Tweets_RedCollie1/tweets/raw_download/2033361090235474001_3.png
/Users/bryan/BGit/Bryan_git/UAP_Murder_Docus/Physics/Physics_Math/patents_intl/1_Track/Tweets_RedCollie1/tweets/raw_download/2033361090235474001_4.png
/Users/bryan/BGit/Bryan_git/UAP_Murder_Docus/Physics/Physics_Math/patents_intl/1_Track/Tweets_RedCollie1/tweets/raw_download/2032994783279382761_1.jpg
/Users/bryan/BGit/Bryan_git/UAP_Murder_Docus/Physics/Physics_Math/patents_intl/1_Track/Tweets_RedCollie1/tweets/raw_download/2032994783279382761_2.jpg
/Users/bryan/BGit/Bryan_git/UAP_Murder_Docus/Physics/Physics_Math/patents_intl/1_Track/Tweets_RedCollie1/tweets/raw_download/2032994783279382761_3.png
/Users/bryan/BGit/Bryan_git/UAP_Murder_Docus/Physics/Physics_Math/patents_intl/1_Track/Tweets_RedCollie1/tweets/raw_download/2032994783279382761_4.jpg
/Users/bryan/BGit/Bryan_git/UAP_Murder_Docus/Physics/Physics_Math/patents_intl/1_Track/Tweets_RedCollie1/tweets/raw_download/2031982610948231440_1.mp4
/Users/bryan/BGit/Bryan_git/UAP_Murder_Docus/Physics/Physics_Math/patents_intl/1_Track/Tweets_RedCollie1/tweets/raw_download/2032031844317671715_1.jpg
/Users/bryan/BGit/Bryan_git/UAP_Murder_Docus/Physics/Physics_Math/patents_intl/1_Track/Tweets_RedCollie1/tweets/raw_download/2032031844317671715_2.jpg
/Users/bryan/BGit/Bryan_git/UAP_Murder_Docus/Physics/Physics_Math/patents_intl/1_Track/Tweets_RedCollie1/tweets/raw_download/2032031844317671715_3.jpg
/Users/bryan/BGit/Bryan_git/UAP_Murder_Docus/Physics/Physics_Math/patents_intl/1_Track/Tweets_RedCollie1/tweets/raw_download/2032031844317671715_4.png
/Users/bryan/BGit/Bryan_git/UAP_Murder_Docus/Physics/Physics_Math/patents_intl/1_Track/Tweets_RedCollie1/tweets/raw_download/2031263657296871644_1.jpg
/Users/bryan/BGit/Bryan_git/UAP_Murder_Docus/Physics/Physics_Math/patents_intl/1_Track/Tweets_RedCollie1/tweets/raw_download/2031263657296871644_2.png
/Users/bryan/BGit/Bryan_git/UAP_Murder_Docus/Physics/Physics_Math/patents_intl/1_Track/Tweets_RedCollie1/tweets/raw_download/2031119762869150101_1.png
/Users/bryan/BGit/Bryan_git/UAP_Murder_Docus/Physics/Physics_Math/patents_intl/1_Track/Tweets_RedCollie1/tweets/raw_download/2031119762869150101_2.png
/Users/bryan/BGit/Bryan_git/UAP_Murder_Docus/Physics/Physics_Math/patents_intl/1_Track/Tweets_RedCollie1/tweets/raw_download/2031140112084402488_1.png
/Users/bryan/BGit/Bryan_git/UAP_Murder_Docus/Physics/Physics_Math/patents_intl/1_Track/Tweets_RedCollie1/tweets/raw_download/2030712543946109231_1.jpg
/Users/bryan/BGit/Bryan_git/UAP_Murder_Docus/Physics/Physics_Math/patents_intl/1_Track/Tweets_RedCollie1/tweets/raw_download/2030712543946109231_2.png
/Users/bryan/BGit/Bryan_git/UAP_Murder_Docus/Physics/Physics_Math/patents_intl/1_Track/Tweets_RedCollie1/tweets/raw_download/2030712543946109231_3.jpg
/Users/bryan/BGit/Bryan_git/UAP_Murder_Docus/Physics/Physics_Math/patents_intl/1_Track/Tweets_RedCollie1/tweets/raw_download/2030712543946109231_4.jpg
/Users/bryan/BGit/Bryan_git/UAP_Murder_Docus/Physics/Physics_Math/patents_intl/1_Track/Tweets_RedCollie1/tweets/raw_download/2029704916697239815_1.mp4
/Users/bryan/BGit/Bryan_git/UAP_Murder_Docus/Physics/Physics_Math/patents_intl/1_Track/Tweets_RedCollie1/tweets/raw_download/2029615724071899232_1.png
/Users/bryan/BGit/Bryan_git/UAP_Murder_Docus/Physics/Physics_Math/patents_intl/1_Track/Tweets_RedCollie1/tweets/raw_download/2029615724071899232_2.png
/Users/bryan/BGit/Bryan_git/UAP_Murder_Docus/Physics/Physics_Math/patents_intl/1_Track/Tweets_RedCollie1/tweets/raw_download/2029615724071899232_3.png
/Users/bryan/BGit/Bryan_git/UAP_Murder_Docus/Physics/Physics_Math/patents_intl/1_Track/Tweets_RedCollie1/tweets/raw_download/2029615724071899232_4.png
/Users/bryan/BGit/Bryan_git/UAP_Murder_Docus/Physics/Physics_Math/patents_intl/1_Track/Tweets_RedCollie1/tweets/raw_download/2029349387999068346_1.png
/Users/bryan/BGit/Bryan_git/UAP_Murder_Docus/Physics/Physics_Math/patents_intl/1_Track/Tweets_RedCollie1/tweets/raw_download/2029349387999068346_2.png
/Users/bryan/BGit/Bryan_git/UAP_Murder_Docus/Physics/Physics_Math/patents_intl/1_Track/Tweets_RedCollie1/tweets/raw_download/2029349387999068346_3.png
/Users/bryan/BGit/Bryan_git/UAP_Murder_Docus/Physics/Physics_Math/patents_intl/1_Track/Tweets_RedCollie1/tweets/raw_download/1980554551661822256_1.mp4
/Users/bryan/BGit/Bryan_git/UAP_Murder_Docus/Physics/Physics_Math/patents_intl/1_Track/Tweets_RedCollie1/tweets/raw_download/1980554551661822256_2.jpg
/Users/bryan/BGit/Bryan_git/UAP_Murder_Docus/Physics/Physics_Math/patents_intl/1_Track/Tweets_RedCollie1/tweets/raw_download/1980554551661822256_3.jpg
/Users/bryan/BGit/Bryan_git/UAP_Murder_Docus/Physics/Physics_Math/patents_intl/1_Track/Tweets_RedCollie1/tweets/raw_download/1980554551661822256_4.jpg
/Users/bryan/BGit/Bryan_git/UAP_Murder_Docus/Physics/Physics_Math/patents_intl/1_Track/Tweets_RedCollie1/tweets/raw_download/2029316330940223989_1.jpg
/Users/bryan/BGit/Bryan_git/UAP_Murder_Docus/Physics/Physics_Math/patents_intl/1_Track/Tweets_RedCollie1/tweets/raw_download/2029316330940223989_2.jpg
/Users/bryan/BGit/Bryan_git/UAP_Murder_Docus/Physics/Physics_Math/patents_intl/1_Track/Tweets_RedCollie1/tweets/raw_download/2029316330940223989_3.jpg
/Users/bryan/BGit/Bryan_git/UAP_Murder_Docus/Physics/Physics_Math/patents_intl/1_Track/Tweets_RedCollie1/tweets/raw_download/2029316330940223989_4.jpg
/Users/bryan/BGit/Bryan_git/UAP_Murder_Docus/Physics/Physics_Math/patents_intl/1_Track/Tweets_RedCollie1/tweets/raw_download/2029025667824717847_1.mp4
/Users/bryan/BGit/Bryan_git/UAP_Murder_Docus/Physics/Physics_Math/patents_intl/1_Track/Tweets_RedCollie1/tweets/raw_download/2029025667824717847_2.mp4
/Users/bryan/BGit/Bryan_git/UAP_Murder_Docus/Physics/Physics_Math/patents_intl/1_Track/Tweets_RedCollie1/tweets/raw_download/2029025667824717847_3.jpg
/Users/bryan/BGit/Bryan_git/UAP_Murder_Docus/Physics/Physics_Math/patents_intl/1_Track/Tweets_RedCollie1/tweets/raw_download/2029025667824717847_4.jpg
/Users/bryan/BGit/Bryan_git/UAP_Murder_Docus/Physics/Physics_Math/patents_intl/1_Track/Tweets_RedCollie1/tweets/raw_download/2028450539487297597_1.png
/Users/bryan/BGit/Bryan_git/UAP_Murder_Docus/Physics/Physics_Math/patents_intl/1_Track/Tweets_RedCollie1/tweets/raw_download/2028450539487297597_2.png
/Users/bryan/BGit/Bryan_git/UAP_Murder_Docus/Physics/Physics_Math/patents_intl/1_Track/Tweets_RedCollie1/tweets/raw_download/2028450539487297597_3.png
/Users/bryan/BGit/Bryan_git/UAP_Murder_Docus/Physics/Physics_Math/patents_intl/1_Track/Tweets_RedCollie1/tweets/raw_download/2028450539487297597_4.png
/Users/bryan/BGit/Bryan_git/UAP_Murder_Docus/Physics/Physics_Math/patents_intl/1_Track/Tweets_RedCollie1/tweets/raw_download/2028460024272421119_1.jpg
/Users/bryan/BGit/Bryan_git/UAP_Murder_Docus/Physics/Physics_Math/patents_intl/1_Track/Tweets_RedCollie1/tweets/raw_download/2028460024272421119_2.jpg
/Users/bryan/BGit/Bryan_git/UAP_Murder_Docus/Physics/Physics_Math/patents_intl/1_Track/Tweets_RedCollie1/tweets/raw_download/2028181365557207421_1.png
/Users/bryan/BGit/Bryan_git/UAP_Murder_Docus/Physics/Physics_Math/patents_intl/1_Track/Tweets_RedCollie1/tweets/raw_download/2028181365557207421_2.png
/Users/bryan/BGit/Bryan_git/UAP_Murder_Docus/Physics/Physics_Math/patents_intl/1_Track/Tweets_RedCollie1/tweets/raw_download/2027842796162310380_1.jpg
/Users/bryan/BGit/Bryan_git/UAP_Murder_Docus/Physics/Physics_Math/patents_intl/1_Track/Tweets_RedCollie1/tweets/raw_download/2027842796162310380_2.jpg
/Users/bryan/BGit/Bryan_git/UAP_Murder_Docus/Physics/Physics_Math/patents_intl/1_Track/Tweets_RedCollie1/tweets/raw_download/2027725599440081310_1.jpg
/Users/bryan/BGit/Bryan_git/UAP_Murder_Docus/Physics/Physics_Math/patents_intl/1_Track/Tweets_RedCollie1/tweets/raw_download/2027725599440081310_2.jpg
/Users/bryan/BGit/Bryan_git/UAP_Murder_Docus/Physics/Physics_Math/patents_intl/1_Track/Tweets_RedCollie1/tweets/raw_download/2027725599440081310_3.jpg
/Users/bryan/BGit/Bryan_git/UAP_Murder_Docus/Physics/Physics_Math/patents_intl/1_Track/Tweets_RedCollie1/tweets/raw_download/2027441658678096172_1.mp4
/Users/bryan/BGit/Bryan_git/UAP_Murder_Docus/Physics/Physics_Math/patents_intl/1_Track/Tweets_RedCollie1/tweets/raw_download/2027441658678096172_2.jpg
/Users/bryan/BGit/Bryan_git/UAP_Murder_Docus/Physics/Physics_Math/patents_intl/1_Track/Tweets_RedCollie1/tweets/raw_download/2027180993669460478_1.png
/Users/bryan/BGit/Bryan_git/UAP_Murder_Docus/Physics/Physics_Math/patents_intl/1_Track/Tweets_RedCollie1/tweets/raw_download/2027180993669460478_2.png
/Users/bryan/BGit/Bryan_git/UAP_Murder_Docus/Physics/Physics_Math/patents_intl/1_Track/Tweets_RedCollie1/tweets/raw_download/2027180993669460478_3.jpg
/Users/bryan/BGit/Bryan_git/UAP_Murder_Docus/Physics/Physics_Math/patents_intl/1_Track/Tweets_RedCollie1/tweets/raw_download/2027180993669460478_4.jpg
/Users/bryan/BGit/Bryan_git/UAP_Murder_Docus/Physics/Physics_Math/patents_intl/1_Track/Tweets_RedCollie1/tweets/raw_download/2026994079175770306_1.mp4
/Users/bryan/BGit/Bryan_git/UAP_Murder_Docus/Physics/Physics_Math/patents_intl/1_Track/Tweets_RedCollie1/tweets/raw_download/2026994079175770306_2.jpg
/Users/bryan/BGit/Bryan_git/UAP_Murder_Docus/Physics/Physics_Math/patents_intl/1_Track/Tweets_RedCollie1/tweets/raw_download/2026814447583637523_1.mp4
/Users/bryan/BGit/Bryan_git/UAP_Murder_Docus/Physics/Physics_Math/patents_intl/1_Track/Tweets_RedCollie1/tweets/raw_download/2026531848130633951_1.mp4
/Users/bryan/BGit/Bryan_git/UAP_Murder_Docus/Physics/Physics_Math/patents_intl/1_Track/Tweets_RedCollie1/tweets/raw_download/2026261491343655153_1.jpg
/Users/bryan/BGit/Bryan_git/UAP_Murder_Docus/Physics/Physics_Math/patents_intl/1_Track/Tweets_RedCollie1/tweets/raw_download/2026202400546054439_1.mp4
/Users/bryan/BGit/Bryan_git/UAP_Murder_Docus/Physics/Physics_Math/patents_intl/1_Track/Tweets_RedCollie1/tweets/raw_download/2025980028773654626_1.jpg
/Users/bryan/BGit/Bryan_git/UAP_Murder_Docus/Physics/Physics_Math/patents_intl/1_Track/Tweets_RedCollie1/tweets/raw_download/2025980028773654626_2.jpg
/Users/bryan/BGit/Bryan_git/UAP_Murder_Docus/Physics/Physics_Math/patents_intl/1_Track/Tweets_RedCollie1/tweets/raw_download/2025980028773654626_3.jpg
/Users/bryan/BGit/Bryan_git/UAP_Murder_Docus/Physics/Physics_Math/patents_intl/1_Track/Tweets_RedCollie1/tweets/raw_download/2025980028773654626_4.jpg
/Users/bryan/BGit/Bryan_git/UAP_Murder_Docus/Physics/Physics_Math/patents_intl/1_Track/Tweets_RedCollie1/tweets/raw_download/2025763085751853421_1.png
/Users/bryan/BGit/Bryan_git/UAP_Murder_Docus/Physics/Physics_Math/patents_intl/1_Track/Tweets_RedCollie1/tweets/raw_download/2025589933134483803_1.jpg
/Users/bryan/BGit/Bryan_git/UAP_Murder_Docus/Physics/Physics_Math/patents_intl/1_Track/Tweets_RedCollie1/tweets/raw_download/2025589933134483803_2.png
/Users/bryan/BGit/Bryan_git/UAP_Murder_Docus/Physics/Physics_Math/patents_intl/1_Track/Tweets_RedCollie1/tweets/raw_download/2025589933134483803_3.png
/Users/bryan/BGit/Bryan_git/UAP_Murder_Docus/Physics/Physics_Math/patents_intl/1_Track/Tweets_RedCollie1/tweets/raw_download/2025589933134483803_4.jpg
/Users/bryan/BGit/Bryan_git/UAP_Murder_Docus/Physics/Physics_Math/patents_intl/1_Track/Tweets_RedCollie1/tweets/raw_download/2025322075414822979_1.mp4
/Users/bryan/BGit/Bryan_git/UAP_Murder_Docus/Physics/Physics_Math/patents_intl/1_Track/Tweets_RedCollie1/tweets/raw_download/2024965828119044342_1.mp4
/Users/bryan/BGit/Bryan_git/UAP_Murder_Docus/Physics/Physics_Math/patents_intl/1_Track/Tweets_RedCollie1/tweets/raw_download/2024965828119044342_2.mp4
/Users/bryan/BGit/Bryan_git/UAP_Murder_Docus/Physics/Physics_Math/patents_intl/1_Track/Tweets_RedCollie1/tweets/raw_download/2024801988282597848_1.jpg
/Users/bryan/BGit/Bryan_git/UAP_Murder_Docus/Physics/Physics_Math/patents_intl/1_Track/Tweets_RedCollie1/tweets/raw_download/2024801988282597848_2.png
/Users/bryan/BGit/Bryan_git/UAP_Murder_Docus/Physics/Physics_Math/patents_intl/1_Track/Tweets_RedCollie1/tweets/raw_download/2024801988282597848_3.png
/Users/bryan/BGit/Bryan_git/UAP_Murder_Docus/Physics/Physics_Math/patents_intl/1_Track/Tweets_RedCollie1/tweets/raw_download/2024439332220600829_1.mp4
/Users/bryan/BGit/Bryan_git/UAP_Murder_Docus/Physics/Physics_Math/patents_intl/1_Track/Tweets_RedCollie1/tweets/raw_download/2024476341643448740_1.jpg
/Users/bryan/BGit/Bryan_git/UAP_Murder_Docus/Physics/Physics_Math/patents_intl/1_Track/Tweets_RedCollie1/tweets/raw_download/2024476341643448740_2.jpg
/Users/bryan/BGit/Bryan_git/UAP_Murder_Docus/Physics/Physics_Math/patents_intl/1_Track/Tweets_RedCollie1/tweets/raw_download/2024587944598917124_1.mp4
/Users/bryan/BGit/Bryan_git/UAP_Murder_Docus/Physics/Physics_Math/patents_intl/1_Track/Tweets_RedCollie1/tweets/raw_download/2024587944598917124_2.png
/Users/bryan/BGit/Bryan_git/UAP_Murder_Docus/Physics/Physics_Math/patents_intl/1_Track/Tweets_RedCollie1/tweets/raw_download/2024229279223923171_1.png
/Users/bryan/BGit/Bryan_git/UAP_Murder_Docus/Physics/Physics_Math/patents_intl/1_Track/Tweets_RedCollie1/tweets/raw_download/2024229279223923171_2.png
/Users/bryan/BGit/Bryan_git/UAP_Murder_Docus/Physics/Physics_Math/patents_intl/1_Track/Tweets_RedCollie1/tweets/raw_download/2024234543868162515_1.png
/Users/bryan/BGit/Bryan_git/UAP_Murder_Docus/Physics/Physics_Math/patents_intl/1_Track/Tweets_RedCollie1/tweets/raw_download/2024237834471661792_1.png
/Users/bryan/BGit/Bryan_git/UAP_Murder_Docus/Physics/Physics_Math/patents_intl/1_Track/Tweets_RedCollie1/tweets/raw_download/2024060009617789382_1.jpg
/Users/bryan/BGit/Bryan_git/UAP_Murder_Docus/Physics/Physics_Math/patents_intl/1_Track/Tweets_RedCollie1/tweets/raw_download/2024060009617789382_2.jpg
/Users/bryan/BGit/Bryan_git/UAP_Murder_Docus/Physics/Physics_Math/patents_intl/1_Track/Tweets_RedCollie1/tweets/raw_download/2024060009617789382_3.jpg
/Users/bryan/BGit/Bryan_git/UAP_Murder_Docus/Physics/Physics_Math/patents_intl/1_Track/Tweets_RedCollie1/tweets/raw_download/2023875072843305251_1.png
/Users/bryan/BGit/Bryan_git/UAP_Murder_Docus/Physics/Physics_Math/patents_intl/1_Track/Tweets_RedCollie1/tweets/raw_download/2023875072843305251_2.png
/Users/bryan/BGit/Bryan_git/UAP_Murder_Docus/Physics/Physics_Math/patents_intl/1_Track/Tweets_RedCollie1/tweets/raw_download/2023681232668639425_1.png
/Users/bryan/BGit/Bryan_git/UAP_Murder_Docus/Physics/Physics_Math/patents_intl/1_Track/Tweets_RedCollie1/tweets/raw_download/2023681232668639425_2.png
/Users/bryan/BGit/Bryan_git/UAP_Murder_Docus/Physics/Physics_Math/patents_intl/1_Track/Tweets_RedCollie1/tweets/raw_download/2023543707153150263_1.png
/Users/bryan/BGit/Bryan_git/UAP_Murder_Docus/Physics/Physics_Math/patents_intl/1_Track/Tweets_RedCollie1/tweets/raw_download/2023543707153150263_2.png
/Users/bryan/BGit/Bryan_git/UAP_Murder_Docus/Physics/Physics_Math/patents_intl/1_Track/Tweets_RedCollie1/tweets/raw_download/2023280782697967793_1.png
/Users/bryan/BGit/Bryan_git/UAP_Murder_Docus/Physics/Physics_Math/patents_intl/1_Track/Tweets_RedCollie1/tweets/raw_download/2023280782697967793_2.png
/Users/bryan/BGit/Bryan_git/UAP_Murder_Docus/Physics/Physics_Math/patents_intl/1_Track/Tweets_RedCollie1/tweets/raw_download/2023280782697967793_3.jpg
/Users/bryan/BGit/Bryan_git/UAP_Murder_Docus/Physics/Physics_Math/patents_intl/1_Track/Tweets_RedCollie1/tweets/raw_download/2023280782697967793_4.jpg
/Users/bryan/BGit/Bryan_git/UAP_Murder_Docus/Physics/Physics_Math/patents_intl/1_Track/Tweets_RedCollie1/tweets/raw_download/2023283390171041959_1.png
/Users/bryan/BGit/Bryan_git/UAP_Murder_Docus/Physics/Physics_Math/patents_intl/1_Track/Tweets_RedCollie1/tweets/raw_download/2023283390171041959_2.png
/Users/bryan/BGit/Bryan_git/UAP_Murder_Docus/Physics/Physics_Math/patents_intl/1_Track/Tweets_RedCollie1/tweets/raw_download/2022772853113020899_1.png
/Users/bryan/BGit/Bryan_git/UAP_Murder_Docus/Physics/Physics_Math/patents_intl/1_Track/Tweets_RedCollie1/tweets/raw_download/2022772853113020899_2.png
/Users/bryan/BGit/Bryan_git/UAP_Murder_Docus/Physics/Physics_Math/patents_intl/1_Track/Tweets_RedCollie1/tweets/raw_download/2022064569225474146_1.png
/Users/bryan/BGit/Bryan_git/UAP_Murder_Docus/Physics/Physics_Math/patents_intl/1_Track/Tweets_RedCollie1/tweets/raw_download/2022064569225474146_2.jpg
/Users/bryan/BGit/Bryan_git/UAP_Murder_Docus/Physics/Physics_Math/patents_intl/1_Track/Tweets_RedCollie1/tweets/raw_download/2022186715520110612_1.mp4
/Users/bryan/BGit/Bryan_git/UAP_Murder_Docus/Physics/Physics_Math/patents_intl/1_Track/Tweets_RedCollie1/tweets/raw_download/2021771942882156864_1.jpg
/Users/bryan/BGit/Bryan_git/UAP_Murder_Docus/Physics/Physics_Math/patents_intl/1_Track/Tweets_RedCollie1/tweets/raw_download/2021771942882156864_2.png
/Users/bryan/BGit/Bryan_git/UAP_Murder_Docus/Physics/Physics_Math/patents_intl/1_Track/Tweets_RedCollie1/tweets/raw_download/2021849436784132480_1.png
/Users/bryan/BGit/Bryan_git/UAP_Murder_Docus/Physics/Physics_Math/patents_intl/1_Track/Tweets_RedCollie1/tweets/raw_download/2021849436784132480_2.png
/Users/bryan/BGit/Bryan_git/UAP_Murder_Docus/Physics/Physics_Math/patents_intl/1_Track/Tweets_RedCollie1/tweets/raw_download/2021485270009270594_1.mp4
/Users/bryan/BGit/Bryan_git/UAP_Murder_Docus/Physics/Physics_Math/patents_intl/1_Track/Tweets_RedCollie1/tweets/raw_download/2021485270009270594_2.jpg
/Users/bryan/BGit/Bryan_git/UAP_Murder_Docus/Physics/Physics_Math/patents_intl/1_Track/Tweets_RedCollie1/tweets/raw_download/2021485270009270594_3.jpg
/Users/bryan/BGit/Bryan_git/UAP_Murder_Docus/Physics/Physics_Math/patents_intl/1_Track/Tweets_RedCollie1/tweets/raw_download/2021485270009270594_4.jpg
/Users/bryan/BGit/Bryan_git/UAP_Murder_Docus/Physics/Physics_Math/patents_intl/1_Track/Tweets_RedCollie1/tweets/raw_download/2021348817275121799_1.mp4
/Users/bryan/BGit/Bryan_git/UAP_Murder_Docus/Physics/Physics_Math/patents_intl/1_Track/Tweets_RedCollie1/tweets/raw_download/2021127408363921602_1.mp4
/Users/bryan/BGit/Bryan_git/UAP_Murder_Docus/Physics/Physics_Math/patents_intl/1_Track/Tweets_RedCollie1/tweets/raw_download/2020936627166621815_1.jpg
/Users/bryan/BGit/Bryan_git/UAP_Murder_Docus/Physics/Physics_Math/patents_intl/1_Track/Tweets_RedCollie1/tweets/raw_download/2020936627166621815_2.jpg
/Users/bryan/BGit/Bryan_git/UAP_Murder_Docus/Physics/Physics_Math/patents_intl/1_Track/Tweets_RedCollie1/tweets/raw_download/2020936627166621815_3.jpg
/Users/bryan/BGit/Bryan_git/UAP_Murder_Docus/Physics/Physics_Math/patents_intl/1_Track/Tweets_RedCollie1/tweets/raw_download/2020936627166621815_4.jpg
/Users/bryan/BGit/Bryan_git/UAP_Murder_Docus/Physics/Physics_Math/patents_intl/1_Track/Tweets_RedCollie1/tweets/raw_download/2020970394354893045_1.jpg
/Users/bryan/BGit/Bryan_git/UAP_Murder_Docus/Physics/Physics_Math/patents_intl/1_Track/Tweets_RedCollie1/tweets/raw_download/2020970394354893045_2.jpg
/Users/bryan/BGit/Bryan_git/UAP_Murder_Docus/Physics/Physics_Math/patents_intl/1_Track/Tweets_RedCollie1/tweets/raw_download/2020418877918695605_1.mp4
/Users/bryan/BGit/Bryan_git/UAP_Murder_Docus/Physics/Physics_Math/patents_intl/1_Track/Tweets_RedCollie1/tweets/raw_download/2020206903565984177_1.mp4
/Users/bryan/BGit/Bryan_git/UAP_Murder_Docus/Physics/Physics_Math/patents_intl/1_Track/Tweets_RedCollie1/tweets/raw_download/2020029131648356482_1.jpg
/Users/bryan/BGit/Bryan_git/UAP_Murder_Docus/Physics/Physics_Math/patents_intl/1_Track/Tweets_RedCollie1/tweets/raw_download/2020029131648356482_2.jpg
/Users/bryan/BGit/Bryan_git/UAP_Murder_Docus/Physics/Physics_Math/patents_intl/1_Track/Tweets_RedCollie1/tweets/raw_download/2020029131648356482_3.jpg
/Users/bryan/BGit/Bryan_git/UAP_Murder_Docus/Physics/Physics_Math/patents_intl/1_Track/Tweets_RedCollie1/tweets/raw_download/2020029131648356482_4.png
/Users/bryan/BGit/Bryan_git/UAP_Murder_Docus/Physics/Physics_Math/patents_intl/1_Track/Tweets_RedCollie1/tweets/raw_download/2020051901895831976_1.png
/Users/bryan/BGit/Bryan_git/UAP_Murder_Docus/Physics/Physics_Math/patents_intl/1_Track/Tweets_RedCollie1/tweets/raw_download/2020051901895831976_2.png
/Users/bryan/BGit/Bryan_git/UAP_Murder_Docus/Physics/Physics_Math/patents_intl/1_Track/Tweets_RedCollie1/tweets/raw_download/2019617816014418173_1.jpg
/Users/bryan/BGit/Bryan_git/UAP_Murder_Docus/Physics/Physics_Math/patents_intl/1_Track/Tweets_RedCollie1/tweets/raw_download/2019617816014418173_2.png
/Users/bryan/BGit/Bryan_git/UAP_Murder_Docus/Physics/Physics_Math/patents_intl/1_Track/Tweets_RedCollie1/tweets/raw_download/2019617816014418173_3.jpg
/Users/bryan/BGit/Bryan_git/UAP_Murder_Docus/Physics/Physics_Math/patents_intl/1_Track/Tweets_RedCollie1/tweets/raw_download/2019506186765144510_1.mp4
/Users/bryan/BGit/Bryan_git/UAP_Murder_Docus/Physics/Physics_Math/patents_intl/1_Track/Tweets_RedCollie1/tweets/raw_download/2019218658363338866_1.jpg
/Users/bryan/BGit/Bryan_git/UAP_Murder_Docus/Physics/Physics_Math/patents_intl/1_Track/Tweets_RedCollie1/tweets/raw_download/2019218658363338866_2.jpg
/Users/bryan/BGit/Bryan_git/UAP_Murder_Docus/Physics/Physics_Math/patents_intl/1_Track/Tweets_RedCollie1/tweets/raw_download/2018750151482110301_1.mp4
/Users/bryan/BGit/Bryan_git/UAP_Murder_Docus/Physics/Physics_Math/patents_intl/1_Track/Tweets_RedCollie1/tweets/raw_download/2018372705150439809_1.jpg
/Users/bryan/BGit/Bryan_git/UAP_Murder_Docus/Physics/Physics_Math/patents_intl/1_Track/Tweets_RedCollie1/tweets/raw_download/2018372705150439809_2.jpg
/Users/bryan/BGit/Bryan_git/UAP_Murder_Docus/Physics/Physics_Math/patents_intl/1_Track/Tweets_RedCollie1/tweets/raw_download/2018372705150439809_3.jpg
/Users/bryan/BGit/Bryan_git/UAP_Murder_Docus/Physics/Physics_Math/patents_intl/1_Track/Tweets_RedCollie1/tweets/raw_download/2018148480334582220_1.mp4
/Users/bryan/BGit/Bryan_git/UAP_Murder_Docus/Physics/Physics_Math/patents_intl/1_Track/Tweets_RedCollie1/tweets/raw_download/2018148480334582220_2.jpg
/Users/bryan/BGit/Bryan_git/UAP_Murder_Docus/Physics/Physics_Math/patents_intl/1_Track/Tweets_RedCollie1/tweets/raw_download/2018148480334582220_3.jpg
/Users/bryan/BGit/Bryan_git/UAP_Murder_Docus/Physics/Physics_Math/patents_intl/1_Track/Tweets_RedCollie1/tweets/raw_download/2018148480334582220_4.jpg
/Users/bryan/BGit/Bryan_git/UAP_Murder_Docus/Physics/Physics_Math/patents_intl/1_Track/Tweets_RedCollie1/tweets/raw_download/2017372913448472670_1.mp4
/Users/bryan/BGit/Bryan_git/UAP_Murder_Docus/Physics/Physics_Math/patents_intl/1_Track/Tweets_RedCollie1/tweets/raw_download/2017427492420608400_1.jpg
/Users/bryan/BGit/Bryan_git/UAP_Murder_Docus/Physics/Physics_Math/patents_intl/1_Track/Tweets_RedCollie1/tweets/raw_download/2017427492420608400_2.jpg
/Users/bryan/BGit/Bryan_git/UAP_Murder_Docus/Physics/Physics_Math/patents_intl/1_Track/Tweets_RedCollie1/tweets/raw_download/2017427492420608400_3.jpg
/Users/bryan/BGit/Bryan_git/UAP_Murder_Docus/Physics/Physics_Math/patents_intl/1_Track/Tweets_RedCollie1/tweets/raw_download/2016969534515925484_1.mp4
/Users/bryan/BGit/Bryan_git/UAP_Murder_Docus/Physics/Physics_Math/patents_intl/1_Track/Tweets_RedCollie1/tweets/raw_download/2016969534515925484_2.mp4
/Users/bryan/BGit/Bryan_git/UAP_Murder_Docus/Physics/Physics_Math/patents_intl/1_Track/Tweets_RedCollie1/tweets/raw_download/2016528151208202541_1.mp4
/Users/bryan/BGit/Bryan_git/UAP_Murder_Docus/Physics/Physics_Math/patents_intl/1_Track/Tweets_RedCollie1/tweets/raw_download/2016528151208202541_2.jpg
/Users/bryan/BGit/Bryan_git/UAP_Murder_Docus/Physics/Physics_Math/patents_intl/1_Track/Tweets_RedCollie1/tweets/raw_download/2016528151208202541_3.jpg
/Users/bryan/BGit/Bryan_git/UAP_Murder_Docus/Physics/Physics_Math/patents_intl/1_Track/Tweets_RedCollie1/tweets/raw_download/2016528151208202541_4.jpg
/Users/bryan/BGit/Bryan_git/UAP_Murder_Docus/Physics/Physics_Math/patents_intl/1_Track/Tweets_RedCollie1/tweets/raw_download/2016310351059399062_1.jpg
/Users/bryan/BGit/Bryan_git/UAP_Murder_Docus/Physics/Physics_Math/patents_intl/1_Track/Tweets_RedCollie1/tweets/raw_download/2016310351059399062_2.jpg
/Users/bryan/BGit/Bryan_git/UAP_Murder_Docus/Physics/Physics_Math/patents_intl/1_Track/Tweets_RedCollie1/tweets/raw_download/2016310351059399062_3.jpg
/Users/bryan/BGit/Bryan_git/UAP_Murder_Docus/Physics/Physics_Math/patents_intl/1_Track/Tweets_RedCollie1/tweets/raw_download/2016226690377101391_1.mp4
/Users/bryan/BGit/Bryan_git/UAP_Murder_Docus/Physics/Physics_Math/patents_intl/1_Track/Tweets_RedCollie1/tweets/raw_download/2016229002097185185_1.jpg
/Users/bryan/BGit/Bryan_git/UAP_Murder_Docus/Physics/Physics_Math/patents_intl/1_Track/Tweets_RedCollie1/tweets/raw_download/2016229002097185185_2.jpg
/Users/bryan/BGit/Bryan_git/UAP_Murder_Docus/Physics/Physics_Math/patents_intl/1_Track/Tweets_RedCollie1/tweets/raw_download/2016229002097185185_3.jpg
/Users/bryan/BGit/Bryan_git/UAP_Murder_Docus/Physics/Physics_Math/patents_intl/1_Track/Tweets_RedCollie1/tweets/raw_download/2015990344370753687_1.mp4
/Users/bryan/BGit/Bryan_git/UAP_Murder_Docus/Physics/Physics_Math/patents_intl/1_Track/Tweets_RedCollie1/tweets/raw_download/2015993488047771809_1.jpg
/Users/bryan/BGit/Bryan_git/UAP_Murder_Docus/Physics/Physics_Math/patents_intl/1_Track/Tweets_RedCollie1/tweets/raw_download/2015921193606648030_1.jpg
/Users/bryan/BGit/Bryan_git/UAP_Murder_Docus/Physics/Physics_Math/patents_intl/1_Track/Tweets_RedCollie1/tweets/raw_download/2015921193606648030_2.jpg
/Users/bryan/BGit/Bryan_git/UAP_Murder_Docus/Physics/Physics_Math/patents_intl/1_Track/Tweets_RedCollie1/tweets/raw_download/2015921193606648030_3.jpg
/Users/bryan/BGit/Bryan_git/UAP_Murder_Docus/Physics/Physics_Math/patents_intl/1_Track/Tweets_RedCollie1/tweets/raw_download/2015921193606648030_4.jpg
/Users/bryan/BGit/Bryan_git/UAP_Murder_Docus/Physics/Physics_Math/patents_intl/1_Track/Tweets_RedCollie1/tweets/raw_download/2015693570649284629_1.jpg
/Users/bryan/BGit/Bryan_git/UAP_Murder_Docus/Physics/Physics_Math/patents_intl/1_Track/Tweets_RedCollie1/tweets/raw_download/2015693570649284629_2.jpg
/Users/bryan/BGit/Bryan_git/UAP_Murder_Docus/Physics/Physics_Math/patents_intl/1_Track/Tweets_RedCollie1/tweets/raw_download/2015693570649284629_3.jpg
/Users/bryan/BGit/Bryan_git/UAP_Murder_Docus/Physics/Physics_Math/patents_intl/1_Track/Tweets_RedCollie1/tweets/raw_download/2015693570649284629_4.jpg
/Users/bryan/BGit/Bryan_git/UAP_Murder_Docus/Physics/Physics_Math/patents_intl/1_Track/Tweets_RedCollie1/tweets/raw_download/2015552865985597623_1.mp4
/Users/bryan/BGit/Bryan_git/UAP_Murder_Docus/Physics/Physics_Math/patents_intl/1_Track/Tweets_RedCollie1/tweets/raw_download/2015297395521720802_1.mp4
/Users/bryan/BGit/Bryan_git/UAP_Murder_Docus/Physics/Physics_Math/patents_intl/1_Track/Tweets_RedCollie1/tweets/raw_download/2015138139220611367_1.mp4
/Users/bryan/BGit/Bryan_git/UAP_Murder_Docus/Physics/Physics_Math/patents_intl/1_Track/Tweets_RedCollie1/tweets/raw_download/2015138139220611367_2.jpg
/Users/bryan/BGit/Bryan_git/UAP_Murder_Docus/Physics/Physics_Math/patents_intl/1_Track/Tweets_RedCollie1/tweets/raw_download/2015138139220611367_3.jpg
/Users/bryan/BGit/Bryan_git/UAP_Murder_Docus/Physics/Physics_Math/patents_intl/1_Track/Tweets_RedCollie1/tweets/raw_download/2015138139220611367_4.jpg
/Users/bryan/BGit/Bryan_git/UAP_Murder_Docus/Physics/Physics_Math/patents_intl/1_Track/Tweets_RedCollie1/tweets/raw_download/2014911115835101355_1.jpg
/Users/bryan/BGit/Bryan_git/UAP_Murder_Docus/Physics/Physics_Math/patents_intl/1_Track/Tweets_RedCollie1/tweets/raw_download/2014911115835101355_2.jpg
/Users/bryan/BGit/Bryan_git/UAP_Murder_Docus/Physics/Physics_Math/patents_intl/1_Track/Tweets_RedCollie1/tweets/raw_download/2014918190954905936_1.mp4
/Users/bryan/BGit/Bryan_git/UAP_Murder_Docus/Physics/Physics_Math/patents_intl/1_Track/Tweets_RedCollie1/tweets/raw_download/2014918190954905936_2.jpg
/Users/bryan/BGit/Bryan_git/UAP_Murder_Docus/Physics/Physics_Math/patents_intl/1_Track/Tweets_RedCollie1/tweets/raw_download/2014796012083126777_1.jpg
/Users/bryan/BGit/Bryan_git/UAP_Murder_Docus/Physics/Physics_Math/patents_intl/1_Track/Tweets_RedCollie1/tweets/raw_download/2014784530343706868_1.jpg
/Users/bryan/BGit/Bryan_git/UAP_Murder_Docus/Physics/Physics_Math/patents_intl/1_Track/Tweets_RedCollie1/tweets/raw_download/2014784530343706868_2.jpg
/Users/bryan/BGit/Bryan_git/UAP_Murder_Docus/Physics/Physics_Math/patents_intl/1_Track/Tweets_RedCollie1/tweets/raw_download/2014784530343706868_3.jpg
/Users/bryan/BGit/Bryan_git/UAP_Murder_Docus/Physics/Physics_Math/patents_intl/1_Track/Tweets_RedCollie1/tweets/raw_download/2014784530343706868_4.jpg
/Users/bryan/BGit/Bryan_git/UAP_Murder_Docus/Physics/Physics_Math/patents_intl/1_Track/Tweets_RedCollie1/tweets/raw_download/2014790401589117074_1.jpg
/Users/bryan/BGit/Bryan_git/UAP_Murder_Docus/Physics/Physics_Math/patents_intl/1_Track/Tweets_RedCollie1/tweets/raw_download/2014790401589117074_2.jpg
/Users/bryan/BGit/Bryan_git/UAP_Murder_Docus/Physics/Physics_Math/patents_intl/1_Track/Tweets_RedCollie1/tweets/raw_download/2014790401589117074_3.jpg
/Users/bryan/BGit/Bryan_git/UAP_Murder_Docus/Physics/Physics_Math/patents_intl/1_Track/Tweets_RedCollie1/tweets/raw_download/2014790401589117074_4.jpg
/Users/bryan/BGit/Bryan_git/UAP_Murder_Docus/Physics/Physics_Math/patents_intl/1_Track/Tweets_RedCollie1/tweets/raw_download/2014794041058078922_1.jpg
/Users/bryan/BGit/Bryan_git/UAP_Murder_Docus/Physics/Physics_Math/patents_intl/1_Track/Tweets_RedCollie1/tweets/raw_download/2014794041058078922_2.jpg
/Users/bryan/BGit/Bryan_git/UAP_Murder_Docus/Physics/Physics_Math/patents_intl/1_Track/Tweets_RedCollie1/tweets/raw_download/2014794041058078922_3.jpg
/Users/bryan/BGit/Bryan_git/UAP_Murder_Docus/Physics/Physics_Math/patents_intl/1_Track/Tweets_RedCollie1/tweets/raw_download/2014794041058078922_4.jpg
/Users/bryan/BGit/Bryan_git/UAP_Murder_Docus/Physics/Physics_Math/patents_intl/1_Track/Tweets_RedCollie1/tweets/raw_download/2013979373045510655_1.jpg
/Users/bryan/BGit/Bryan_git/UAP_Murder_Docus/Physics/Physics_Math/patents_intl/1_Track/Tweets_RedCollie1/tweets/raw_download/2013979373045510655_2.jpg
/Users/bryan/BGit/Bryan_git/UAP_Murder_Docus/Physics/Physics_Math/patents_intl/1_Track/Tweets_RedCollie1/tweets/raw_download/2013979373045510655_3.jpg
/Users/bryan/BGit/Bryan_git/UAP_Murder_Docus/Physics/Physics_Math/patents_intl/1_Track/Tweets_RedCollie1/tweets/raw_download/2013700369688244356_1.mp4
/Users/bryan/BGit/Bryan_git/UAP_Murder_Docus/Physics/Physics_Math/patents_intl/1_Track/Tweets_RedCollie1/tweets/raw_download/2013700369688244356_2.mp4
/Users/bryan/BGit/Bryan_git/UAP_Murder_Docus/Physics/Physics_Math/patents_intl/1_Track/Tweets_RedCollie1/tweets/raw_download/2013700369688244356_3.mp4
/Users/bryan/BGit/Bryan_git/UAP_Murder_Docus/Physics/Physics_Math/patents_intl/1_Track/Tweets_RedCollie1/tweets/raw_download/2013700369688244356_4.mp4
/Users/bryan/BGit/Bryan_git/UAP_Murder_Docus/Physics/Physics_Math/patents_intl/1_Track/Tweets_RedCollie1/tweets/raw_download/2013706292494282959_1.jpg
/Users/bryan/BGit/Bryan_git/UAP_Murder_Docus/Physics/Physics_Math/patents_intl/1_Track/Tweets_RedCollie1/tweets/raw_download/2013706292494282959_2.jpg
/Users/bryan/BGit/Bryan_git/UAP_Murder_Docus/Physics/Physics_Math/patents_intl/1_Track/Tweets_RedCollie1/tweets/raw_download/2013393338435543146_1.mp4
/Users/bryan/BGit/Bryan_git/UAP_Murder_Docus/Physics/Physics_Math/patents_intl/1_Track/Tweets_RedCollie1/tweets/raw_download/2013456155872297178_1.jpg
/Users/bryan/BGit/Bryan_git/UAP_Murder_Docus/Physics/Physics_Math/patents_intl/1_Track/Tweets_RedCollie1/tweets/raw_download/2013456155872297178_2.jpg
/Users/bryan/BGit/Bryan_git/UAP_Murder_Docus/Physics/Physics_Math/patents_intl/1_Track/Tweets_RedCollie1/tweets/raw_download/2013456155872297178_3.jpg
/Users/bryan/BGit/Bryan_git/UAP_Murder_Docus/Physics/Physics_Math/patents_intl/1_Track/Tweets_RedCollie1/tweets/raw_download/2010152950531055892_1.jpg
/Users/bryan/BGit/Bryan_git/UAP_Murder_Docus/Physics/Physics_Math/patents_intl/1_Track/Tweets_RedCollie1/tweets/raw_download/2010152950531055892_2.jpg
/Users/bryan/BGit/Bryan_git/UAP_Murder_Docus/Physics/Physics_Math/patents_intl/1_Track/Tweets_RedCollie1/tweets/raw_download/2010152950531055892_3.jpg
/Users/bryan/BGit/Bryan_git/UAP_Murder_Docus/Physics/Physics_Math/patents_intl/1_Track/Tweets_RedCollie1/tweets/raw_download/2010152950531055892_4.jpg
/Users/bryan/BGit/Bryan_git/UAP_Murder_Docus/Physics/Physics_Math/patents_intl/1_Track/Tweets_RedCollie1/tweets/raw_download/2013389319130522030_1.jpg
/Users/bryan/BGit/Bryan_git/UAP_Murder_Docus/Physics/Physics_Math/patents_intl/1_Track/Tweets_RedCollie1/tweets/raw_download/2013389319130522030_2.jpg
/Users/bryan/BGit/Bryan_git/UAP_Murder_Docus/Physics/Physics_Math/patents_intl/1_Track/Tweets_RedCollie1/tweets/raw_download/2012659938661679490_1.mp4
/Users/bryan/BGit/Bryan_git/UAP_Murder_Docus/Physics/Physics_Math/patents_intl/1_Track/Tweets_RedCollie1/tweets/raw_download/2012659938661679490_2.mp4
/Users/bryan/BGit/Bryan_git/UAP_Murder_Docus/Physics/Physics_Math/patents_intl/1_Track/Tweets_RedCollie1/tweets/raw_download/2012200165298376724_1.jpg
/Users/bryan/BGit/Bryan_git/UAP_Murder_Docus/Physics/Physics_Math/patents_intl/1_Track/Tweets_RedCollie1/tweets/raw_download/2012200165298376724_2.jpg
/Users/bryan/BGit/Bryan_git/UAP_Murder_Docus/Physics/Physics_Math/patents_intl/1_Track/Tweets_RedCollie1/tweets/raw_download/2012200165298376724_3.jpg
/Users/bryan/BGit/Bryan_git/UAP_Murder_Docus/Physics/Physics_Math/patents_intl/1_Track/Tweets_RedCollie1/tweets/raw_download/2012200165298376724_4.jpg
/Users/bryan/BGit/Bryan_git/UAP_Murder_Docus/Physics/Physics_Math/patents_intl/1_Track/Tweets_RedCollie1/tweets/raw_download/2012624123910905932_1.jpg
/Users/bryan/BGit/Bryan_git/UAP_Murder_Docus/Physics/Physics_Math/patents_intl/1_Track/Tweets_RedCollie1/tweets/raw_download/2012624123910905932_2.jpg
/Users/bryan/BGit/Bryan_git/UAP_Murder_Docus/Physics/Physics_Math/patents_intl/1_Track/Tweets_RedCollie1/tweets/raw_download/2012624123910905932_3.jpg
/Users/bryan/BGit/Bryan_git/UAP_Murder_Docus/Physics/Physics_Math/patents_intl/1_Track/Tweets_RedCollie1/tweets/raw_download/2012624123910905932_4.jpg
/Users/bryan/BGit/Bryan_git/UAP_Murder_Docus/Physics/Physics_Math/patents_intl/1_Track/Tweets_RedCollie1/tweets/raw_download/2012004280908075298_1.jpg
/Users/bryan/BGit/Bryan_git/UAP_Murder_Docus/Physics/Physics_Math/patents_intl/1_Track/Tweets_RedCollie1/tweets/raw_download/2012004280908075298_2.jpg
/Users/bryan/BGit/Bryan_git/UAP_Murder_Docus/Physics/Physics_Math/patents_intl/1_Track/Tweets_RedCollie1/tweets/raw_download/2012004280908075298_3.jpg
/Users/bryan/BGit/Bryan_git/UAP_Murder_Docus/Physics/Physics_Math/patents_intl/1_Track/Tweets_RedCollie1/tweets/raw_download/2012011090255724597_1.jpg
/Users/bryan/BGit/Bryan_git/UAP_Murder_Docus/Physics/Physics_Math/patents_intl/1_Track/Tweets_RedCollie1/tweets/raw_download/2012011090255724597_2.jpg
/Users/bryan/BGit/Bryan_git/UAP_Murder_Docus/Physics/Physics_Math/patents_intl/1_Track/Tweets_RedCollie1/tweets/raw_download/2011723256601198880_1.mp4
/Users/bryan/BGit/Bryan_git/UAP_Murder_Docus/Physics/Physics_Math/patents_intl/1_Track/Tweets_RedCollie1/tweets/raw_download/2011588938658693158_1.jpg
/Users/bryan/BGit/Bryan_git/UAP_Murder_Docus/Physics/Physics_Math/patents_intl/1_Track/Tweets_RedCollie1/tweets/raw_download/2011588938658693158_2.jpg
/Users/bryan/BGit/Bryan_git/UAP_Murder_Docus/Physics/Physics_Math/patents_intl/1_Track/Tweets_RedCollie1/tweets/raw_download/2011588938658693158_3.jpg
/Users/bryan/BGit/Bryan_git/UAP_Murder_Docus/Physics/Physics_Math/patents_intl/1_Track/Tweets_RedCollie1/tweets/raw_download/2011588938658693158_4.jpg
/Users/bryan/BGit/Bryan_git/UAP_Murder_Docus/Physics/Physics_Math/patents_intl/1_Track/Tweets_RedCollie1/tweets/raw_download/2011591192023347506_1.jpg
/Users/bryan/BGit/Bryan_git/UAP_Murder_Docus/Physics/Physics_Math/patents_intl/1_Track/Tweets_RedCollie1/tweets/raw_download/2011591192023347506_2.jpg
/Users/bryan/BGit/Bryan_git/UAP_Murder_Docus/Physics/Physics_Math/patents_intl/1_Track/Tweets_RedCollie1/tweets/raw_download/2011591192023347506_3.jpg
/Users/bryan/BGit/Bryan_git/UAP_Murder_Docus/Physics/Physics_Math/patents_intl/1_Track/Tweets_RedCollie1/tweets/raw_download/2011591192023347506_4.jpg
/Users/bryan/BGit/Bryan_git/UAP_Murder_Docus/Physics/Physics_Math/patents_intl/1_Track/Tweets_RedCollie1/tweets/raw_download/2011595649880654228_1.jpg
/Users/bryan/BGit/Bryan_git/UAP_Murder_Docus/Physics/Physics_Math/patents_intl/1_Track/Tweets_RedCollie1/tweets/raw_download/2011595649880654228_2.jpg
/Users/bryan/BGit/Bryan_git/UAP_Murder_Docus/Physics/Physics_Math/patents_intl/1_Track/Tweets_RedCollie1/tweets/raw_download/2011557480313340281_1.mp4
/Users/bryan/BGit/Bryan_git/UAP_Murder_Docus/Physics/Physics_Math/patents_intl/1_Track/Tweets_RedCollie1/tweets/raw_download/2011557480313340281_2.jpg
/Users/bryan/BGit/Bryan_git/UAP_Murder_Docus/Physics/Physics_Math/patents_intl/1_Track/Tweets_RedCollie1/tweets/raw_download/2011191887739203951_1.jpg
/Users/bryan/BGit/Bryan_git/UAP_Murder_Docus/Physics/Physics_Math/patents_intl/1_Track/Tweets_RedCollie1/tweets/raw_download/2011191887739203951_2.jpg
/Users/bryan/BGit/Bryan_git/UAP_Murder_Docus/Physics/Physics_Math/patents_intl/1_Track/Tweets_RedCollie1/tweets/raw_download/2011191887739203951_3.jpg
/Users/bryan/BGit/Bryan_git/UAP_Murder_Docus/Physics/Physics_Math/patents_intl/1_Track/Tweets_RedCollie1/tweets/raw_download/2011191887739203951_4.jpg
/Users/bryan/BGit/Bryan_git/UAP_Murder_Docus/Physics/Physics_Math/patents_intl/1_Track/Tweets_RedCollie1/tweets/raw_download/2010784984806932721_1.jpg
/Users/bryan/BGit/Bryan_git/UAP_Murder_Docus/Physics/Physics_Math/patents_intl/1_Track/Tweets_RedCollie1/tweets/raw_download/2010784984806932721_2.jpg
/Users/bryan/BGit/Bryan_git/UAP_Murder_Docus/Physics/Physics_Math/patents_intl/1_Track/Tweets_RedCollie1/tweets/raw_download/2010784984806932721_3.jpg
/Users/bryan/BGit/Bryan_git/UAP_Murder_Docus/Physics/Physics_Math/patents_intl/1_Track/Tweets_RedCollie1/tweets/raw_download/2010784984806932721_4.jpg
/Users/bryan/BGit/Bryan_git/UAP_Murder_Docus/Physics/Physics_Math/patents_intl/1_Track/Tweets_RedCollie1/tweets/raw_download/2010787024060760124_1.jpg
/Users/bryan/BGit/Bryan_git/UAP_Murder_Docus/Physics/Physics_Math/patents_intl/1_Track/Tweets_RedCollie1/tweets/raw_download/2010787024060760124_2.jpg
/Users/bryan/BGit/Bryan_git/UAP_Murder_Docus/Physics/Physics_Math/patents_intl/1_Track/Tweets_RedCollie1/tweets/raw_download/2010787024060760124_3.jpg
/Users/bryan/BGit/Bryan_git/UAP_Murder_Docus/Physics/Physics_Math/patents_intl/1_Track/Tweets_RedCollie1/tweets/raw_download/2010787024060760124_4.jpg
/Users/bryan/BGit/Bryan_git/UAP_Murder_Docus/Physics/Physics_Math/patents_intl/1_Track/Tweets_RedCollie1/tweets/raw_download/2010789011103842801_1.jpg
/Users/bryan/BGit/Bryan_git/UAP_Murder_Docus/Physics/Physics_Math/patents_intl/1_Track/Tweets_RedCollie1/tweets/raw_download/2010480677150740843_1.mp4
/Users/bryan/BGit/Bryan_git/UAP_Murder_Docus/Physics/Physics_Math/patents_intl/1_Track/Tweets_RedCollie1/tweets/raw_download/2010388573523173867_1.mp4
/Users/bryan/BGit/Bryan_git/UAP_Murder_Docus/Physics/Physics_Math/patents_intl/1_Track/Tweets_RedCollie1/tweets/raw_download/2010388573523173867_2.jpg
/Users/bryan/BGit/Bryan_git/UAP_Murder_Docus/Physics/Physics_Math/patents_intl/1_Track/Tweets_RedCollie1/tweets/raw_download/2010037270296846660_1.jpg
/Users/bryan/BGit/Bryan_git/UAP_Murder_Docus/Physics/Physics_Math/patents_intl/1_Track/Tweets_RedCollie1/tweets/raw_download/2010037270296846660_2.jpg
/Users/bryan/BGit/Bryan_git/UAP_Murder_Docus/Physics/Physics_Math/patents_intl/1_Track/Tweets_RedCollie1/tweets/raw_download/2010037270296846660_3.jpg
/Users/bryan/BGit/Bryan_git/UAP_Murder_Docus/Physics/Physics_Math/patents_intl/1_Track/Tweets_RedCollie1/tweets/raw_download/2010037270296846660_4.jpg
/Users/bryan/BGit/Bryan_git/UAP_Murder_Docus/Physics/Physics_Math/patents_intl/1_Track/Tweets_RedCollie1/tweets/raw_download/2010037929826259279_1.jpg
/Users/bryan/BGit/Bryan_git/UAP_Murder_Docus/Physics/Physics_Math/patents_intl/1_Track/Tweets_RedCollie1/tweets/raw_download/2010037929826259279_2.jpg
/Users/bryan/BGit/Bryan_git/UAP_Murder_Docus/Physics/Physics_Math/patents_intl/1_Track/Tweets_RedCollie1/tweets/raw_download/2010037929826259279_3.jpg
/Users/bryan/BGit/Bryan_git/UAP_Murder_Docus/Physics/Physics_Math/patents_intl/1_Track/Tweets_RedCollie1/tweets/raw_download/2010037929826259279_4.jpg
/Users/bryan/BGit/Bryan_git/UAP_Murder_Docus/Physics/Physics_Math/patents_intl/1_Track/Tweets_RedCollie1/tweets/raw_download/2010078887590642170_1.jpg
/Users/bryan/BGit/Bryan_git/UAP_Murder_Docus/Physics/Physics_Math/patents_intl/1_Track/Tweets_RedCollie1/tweets/raw_download/2010078887590642170_2.jpg
/Users/bryan/BGit/Bryan_git/UAP_Murder_Docus/Physics/Physics_Math/patents_intl/1_Track/Tweets_RedCollie1/tweets/raw_download/2009722191118577953_1.jpg
/Users/bryan/BGit/Bryan_git/UAP_Murder_Docus/Physics/Physics_Math/patents_intl/1_Track/Tweets_RedCollie1/tweets/raw_download/2009722191118577953_2.jpg
/Users/bryan/BGit/Bryan_git/UAP_Murder_Docus/Physics/Physics_Math/patents_intl/1_Track/Tweets_RedCollie1/tweets/raw_download/2009722191118577953_3.jpg
/Users/bryan/BGit/Bryan_git/UAP_Murder_Docus/Physics/Physics_Math/patents_intl/1_Track/Tweets_RedCollie1/tweets/raw_download/2009722191118577953_4.jpg
/Users/bryan/BGit/Bryan_git/UAP_Murder_Docus/Physics/Physics_Math/patents_intl/1_Track/Tweets_RedCollie1/tweets/raw_download/2009781472278798508_1.jpg
/Users/bryan/BGit/Bryan_git/UAP_Murder_Docus/Physics/Physics_Math/patents_intl/1_Track/Tweets_RedCollie1/tweets/raw_download/2009781472278798508_2.jpg
/Users/bryan/BGit/Bryan_git/UAP_Murder_Docus/Physics/Physics_Math/patents_intl/1_Track/Tweets_RedCollie1/tweets/raw_download/2009781472278798508_3.jpg
/Users/bryan/BGit/Bryan_git/UAP_Murder_Docus/Physics/Physics_Math/patents_intl/1_Track/Tweets_RedCollie1/tweets/raw_download/2009781472278798508_4.jpg
/Users/bryan/BGit/Bryan_git/UAP_Murder_Docus/Physics/Physics_Math/patents_intl/1_Track/Tweets_RedCollie1/tweets/raw_download/2009351382953042387_1.jpg
/Users/bryan/BGit/Bryan_git/UAP_Murder_Docus/Physics/Physics_Math/patents_intl/1_Track/Tweets_RedCollie1/tweets/raw_download/2009351382953042387_2.jpg
/Users/bryan/BGit/Bryan_git/UAP_Murder_Docus/Physics/Physics_Math/patents_intl/1_Track/Tweets_RedCollie1/tweets/raw_download/2009351382953042387_3.jpg
/Users/bryan/BGit/Bryan_git/UAP_Murder_Docus/Physics/Physics_Math/patents_intl/1_Track/Tweets_RedCollie1/tweets/raw_download/2009351382953042387_4.jpg
/Users/bryan/BGit/Bryan_git/UAP_Murder_Docus/Physics/Physics_Math/patents_intl/1_Track/Tweets_RedCollie1/tweets/raw_download/2007586876618584341_1.jpg
/Users/bryan/BGit/Bryan_git/UAP_Murder_Docus/Physics/Physics_Math/patents_intl/1_Track/Tweets_RedCollie1/tweets/raw_download/2007586876618584341_2.jpg
/Users/bryan/BGit/Bryan_git/UAP_Murder_Docus/Physics/Physics_Math/patents_intl/1_Track/Tweets_RedCollie1/tweets/raw_download/2007586876618584341_3.jpg
/Users/bryan/BGit/Bryan_git/UAP_Murder_Docus/Physics/Physics_Math/patents_intl/1_Track/Tweets_RedCollie1/tweets/raw_download/2007586876618584341_4.jpg
/Users/bryan/BGit/Bryan_git/UAP_Murder_Docus/Physics/Physics_Math/patents_intl/1_Track/Tweets_RedCollie1/tweets/raw_download/2007970094551535735_1.jpg
/Users/bryan/BGit/Bryan_git/UAP_Murder_Docus/Physics/Physics_Math/patents_intl/1_Track/Tweets_RedCollie1/tweets/raw_download/2008274319692931484_1.jpg
/Users/bryan/BGit/Bryan_git/UAP_Murder_Docus/Physics/Physics_Math/patents_intl/1_Track/Tweets_RedCollie1/tweets/raw_download/2008274319692931484_2.jpg
/Users/bryan/BGit/Bryan_git/UAP_Murder_Docus/Physics/Physics_Math/patents_intl/1_Track/Tweets_RedCollie1/tweets/raw_download/2008274319692931484_3.jpg
/Users/bryan/BGit/Bryan_git/UAP_Murder_Docus/Physics/Physics_Math/patents_intl/1_Track/Tweets_RedCollie1/tweets/raw_download/2007874752350708146_1.jpg
/Users/bryan/BGit/Bryan_git/UAP_Murder_Docus/Physics/Physics_Math/patents_intl/1_Track/Tweets_RedCollie1/tweets/raw_download/2007874752350708146_2.jpg
/Users/bryan/BGit/Bryan_git/UAP_Murder_Docus/Physics/Physics_Math/patents_intl/1_Track/Tweets_RedCollie1/tweets/raw_download/2007593112777175234_1.jpg
/Users/bryan/BGit/Bryan_git/UAP_Murder_Docus/Physics/Physics_Math/patents_intl/1_Track/Tweets_RedCollie1/tweets/raw_download/2007593112777175234_2.jpg
/Users/bryan/BGit/Bryan_git/UAP_Murder_Docus/Physics/Physics_Math/patents_intl/1_Track/Tweets_RedCollie1/tweets/raw_download/2007593112777175234_3.jpg
/Users/bryan/BGit/Bryan_git/UAP_Murder_Docus/Physics/Physics_Math/patents_intl/1_Track/Tweets_RedCollie1/tweets/raw_download/2007593112777175234_4.jpg
/Users/bryan/BGit/Bryan_git/UAP_Murder_Docus/Physics/Physics_Math/patents_intl/1_Track/Tweets_RedCollie1/tweets/raw_download/2007593727171391727_1.jpg
/Users/bryan/BGit/Bryan_git/UAP_Murder_Docus/Physics/Physics_Math/patents_intl/1_Track/Tweets_RedCollie1/tweets/raw_download/2007593727171391727_2.jpg
/Users/bryan/BGit/Bryan_git/UAP_Murder_Docus/Physics/Physics_Math/patents_intl/1_Track/Tweets_RedCollie1/tweets/raw_download/2007593727171391727_3.jpg
/Users/bryan/BGit/Bryan_git/UAP_Murder_Docus/Physics/Physics_Math/patents_intl/1_Track/Tweets_RedCollie1/tweets/raw_download/2007593727171391727_4.jpg
# /Users/bryan/BGit/Bryan_git/UAP_Murder_Docus/Physics/Physics_Math/patents_intl/1_Track/Tweets_RedCollie1/tweets/raw_download/1934331128225120437_1.jpg
# /Users/bryan/BGit/Bryan_git/UAP_Murder_Docus/Physics/Physics_Math/patents_intl/1_Track/Tweets_RedCollie1/tweets/raw_download/1934331128225120437_2.jpg
# /Users/bryan/BGit/Bryan_git/UAP_Murder_Docus/Physics/Physics_Math/patents_intl/1_Track/Tweets_RedCollie1/tweets/raw_download/1934331128225120437_3.jpg
# /Users/bryan/BGit/Bryan_git/UAP_Murder_Docus/Physics/Physics_Math/patents_intl/1_Track/Tweets_RedCollie1/tweets/raw_download/1934331128225120437_4.jpg
/Users/bryan/BGit/Bryan_git/UAP_Murder_Docus/Physics/Physics_Math/patents_intl/1_Track/Tweets_RedCollie1/tweets/raw_download/1960693264488583443_1.jpg
/Users/bryan/BGit/Bryan_git/UAP_Murder_Docus/Physics/Physics_Math/patents_intl/1_Track/Tweets_RedCollie1/tweets/raw_download/1960693264488583443_2.jpg
/Users/bryan/BGit/Bryan_git/UAP_Murder_Docus/Physics/Physics_Math/patents_intl/1_Track/Tweets_RedCollie1/tweets/raw_download/1960693264488583443_3.jpg
/Users/bryan/BGit/Bryan_git/UAP_Murder_Docus/Physics/Physics_Math/patents_intl/1_Track/Tweets_RedCollie1/tweets/raw_download/2007566785743081814_1.jpg
/Users/bryan/BGit/Bryan_git/UAP_Murder_Docus/Physics/Physics_Math/patents_intl/1_Track/Tweets_RedCollie1/tweets/raw_download/2007566785743081814_2.jpg
/Users/bryan/BGit/Bryan_git/UAP_Murder_Docus/Physics/Physics_Math/patents_intl/1_Track/Tweets_RedCollie1/tweets/raw_download/2007566785743081814_3.jpg
/Users/bryan/BGit/Bryan_git/UAP_Murder_Docus/Physics/Physics_Math/patents_intl/1_Track/Tweets_RedCollie1/tweets/raw_download/2007566785743081814_4.jpg
/Users/bryan/BGit/Bryan_git/UAP_Murder_Docus/Physics/Physics_Math/patents_intl/1_Track/Tweets_RedCollie1/tweets/raw_download/2007264916785201399_1.jpg
/Users/bryan/BGit/Bryan_git/UAP_Murder_Docus/Physics/Physics_Math/patents_intl/1_Track/Tweets_RedCollie1/tweets/raw_download/2007264916785201399_2.jpg
/Users/bryan/BGit/Bryan_git/UAP_Murder_Docus/Physics/Physics_Math/patents_intl/1_Track/Tweets_RedCollie1/tweets/raw_download/2007264916785201399_3.jpg
/Users/bryan/BGit/Bryan_git/UAP_Murder_Docus/Physics/Physics_Math/patents_intl/1_Track/Tweets_RedCollie1/tweets/raw_download/2007264916785201399_4.jpg
/Users/bryan/BGit/Bryan_git/UAP_Murder_Docus/Physics/Physics_Math/patents_intl/1_Track/Tweets_RedCollie1/tweets/raw_download/2007038668746473841_1.mp4
/Users/bryan/BGit/Bryan_git/UAP_Murder_Docus/Physics/Physics_Math/patents_intl/1_Track/Tweets_RedCollie1/tweets/raw_download/2007038668746473841_2.jpg
/Users/bryan/BGit/Bryan_git/UAP_Murder_Docus/Physics/Physics_Math/patents_intl/1_Track/Tweets_RedCollie1/tweets/raw_download/2007038668746473841_3.jpg
/Users/bryan/BGit/Bryan_git/UAP_Murder_Docus/Physics/Physics_Math/patents_intl/1_Track/Tweets_RedCollie1/tweets/raw_download/2007038668746473841_4.jpg
/Users/bryan/BGit/Bryan_git/UAP_Murder_Docus/Physics/Physics_Math/patents_intl/1_Track/Tweets_RedCollie1/tweets/raw_download/2006523579223986668_1.jpg
/Users/bryan/BGit/Bryan_git/UAP_Murder_Docus/Physics/Physics_Math/patents_intl/1_Track/Tweets_RedCollie1/tweets/raw_download/2006523579223986668_2.jpg
/Users/bryan/BGit/Bryan_git/UAP_Murder_Docus/Physics/Physics_Math/patents_intl/1_Track/Tweets_RedCollie1/tweets/raw_download/2006523579223986668_3.jpg
/Users/bryan/BGit/Bryan_git/UAP_Murder_Docus/Physics/Physics_Math/patents_intl/1_Track/Tweets_RedCollie1/tweets/raw_download/2006523579223986668_4.jpg
/Users/bryan/BGit/Bryan_git/UAP_Murder_Docus/Physics/Physics_Math/patents_intl/1_Track/Tweets_RedCollie1/tweets/raw_download/2006062970929893860_1.jpg
/Users/bryan/BGit/Bryan_git/UAP_Murder_Docus/Physics/Physics_Math/patents_intl/1_Track/Tweets_RedCollie1/tweets/raw_download/2006062970929893860_2.jpg
/Users/bryan/BGit/Bryan_git/UAP_Murder_Docus/Physics/Physics_Math/patents_intl/1_Track/Tweets_RedCollie1/tweets/raw_download/2006062970929893860_3.jpg
/Users/bryan/BGit/Bryan_git/UAP_Murder_Docus/Physics/Physics_Math/patents_intl/1_Track/Tweets_RedCollie1/tweets/raw_download/2006062970929893860_4.jpg
/Users/bryan/BGit/Bryan_git/UAP_Murder_Docus/Physics/Physics_Math/patents_intl/1_Track/Tweets_RedCollie1/tweets/raw_download/2006071748593377379_1.jpg
/Users/bryan/BGit/Bryan_git/UAP_Murder_Docus/Physics/Physics_Math/patents_intl/1_Track/Tweets_RedCollie1/tweets/raw_download/2006071748593377379_2.jpg
/Users/bryan/BGit/Bryan_git/UAP_Murder_Docus/Physics/Physics_Math/patents_intl/1_Track/Tweets_RedCollie1/tweets/raw_download/2006096448874533038_1.jpg
/Users/bryan/BGit/Bryan_git/UAP_Murder_Docus/Physics/Physics_Math/patents_intl/1_Track/Tweets_RedCollie1/tweets/raw_download/2006096448874533038_2.jpg
/Users/bryan/BGit/Bryan_git/UAP_Murder_Docus/Physics/Physics_Math/patents_intl/1_Track/Tweets_RedCollie1/tweets/raw_download/2006096448874533038_3.jpg
/Users/bryan/BGit/Bryan_git/UAP_Murder_Docus/Physics/Physics_Math/patents_intl/1_Track/Tweets_RedCollie1/tweets/raw_download/2006096448874533038_4.jpg
/Users/bryan/BGit/Bryan_git/UAP_Murder_Docus/Physics/Physics_Math/patents_intl/1_Track/Tweets_RedCollie1/tweets/raw_download/2005835556870131898_1.jpg
/Users/bryan/BGit/Bryan_git/UAP_Murder_Docus/Physics/Physics_Math/patents_intl/1_Track/Tweets_RedCollie1/tweets/raw_download/2005835556870131898_2.jpg
/Users/bryan/BGit/Bryan_git/UAP_Murder_Docus/Physics/Physics_Math/patents_intl/1_Track/Tweets_RedCollie1/tweets/raw_download/2005835556870131898_3.jpg
/Users/bryan/BGit/Bryan_git/UAP_Murder_Docus/Physics/Physics_Math/patents_intl/1_Track/Tweets_RedCollie1/tweets/raw_download/2005835556870131898_4.jpg
/Users/bryan/BGit/Bryan_git/UAP_Murder_Docus/Physics/Physics_Math/patents_intl/1_Track/Tweets_RedCollie1/tweets/raw_download/2005421734292517135_1.jpg
/Users/bryan/BGit/Bryan_git/UAP_Murder_Docus/Physics/Physics_Math/patents_intl/1_Track/Tweets_RedCollie1/tweets/raw_download/2005421734292517135_2.jpg
/Users/bryan/BGit/Bryan_git/UAP_Murder_Docus/Physics/Physics_Math/patents_intl/1_Track/Tweets_RedCollie1/tweets/raw_download/2005421734292517135_3.jpg
/Users/bryan/BGit/Bryan_git/UAP_Murder_Docus/Physics/Physics_Math/patents_intl/1_Track/Tweets_RedCollie1/tweets/raw_download/2005421734292517135_4.jpg
/Users/bryan/BGit/Bryan_git/UAP_Murder_Docus/Physics/Physics_Math/patents_intl/1_Track/Tweets_RedCollie1/tweets/raw_download/2005424820700565571_1.jpg
/Users/bryan/BGit/Bryan_git/UAP_Murder_Docus/Physics/Physics_Math/patents_intl/1_Track/Tweets_RedCollie1/tweets/raw_download/2005424820700565571_2.jpg
/Users/bryan/BGit/Bryan_git/UAP_Murder_Docus/Physics/Physics_Math/patents_intl/1_Track/Tweets_RedCollie1/tweets/raw_download/2005424820700565571_3.jpg
/Users/bryan/BGit/Bryan_git/UAP_Murder_Docus/Physics/Physics_Math/patents_intl/1_Track/Tweets_RedCollie1/tweets/raw_download/2005424820700565571_4.jpg
/Users/bryan/BGit/Bryan_git/UAP_Murder_Docus/Physics/Physics_Math/patents_intl/1_Track/Tweets_RedCollie1/tweets/raw_download/2004996617368469852_1.jpg
/Users/bryan/BGit/Bryan_git/UAP_Murder_Docus/Physics/Physics_Math/patents_intl/1_Track/Tweets_RedCollie1/tweets/raw_download/2004996617368469852_2.jpg
/Users/bryan/BGit/Bryan_git/UAP_Murder_Docus/Physics/Physics_Math/patents_intl/1_Track/Tweets_RedCollie1/tweets/raw_download/2004996617368469852_3.png
/Users/bryan/BGit/Bryan_git/UAP_Murder_Docus/Physics/Physics_Math/patents_intl/1_Track/Tweets_RedCollie1/tweets/raw_download/2004996617368469852_4.png
/Users/bryan/BGit/Bryan_git/UAP_Murder_Docus/Physics/Physics_Math/patents_intl/1_Track/Tweets_RedCollie1/tweets/raw_download/2004217641125478677_1.jpg
/Users/bryan/BGit/Bryan_git/UAP_Murder_Docus/Physics/Physics_Math/patents_intl/1_Track/Tweets_RedCollie1/tweets/raw_download/2004217641125478677_2.jpg
/Users/bryan/BGit/Bryan_git/UAP_Murder_Docus/Physics/Physics_Math/patents_intl/1_Track/Tweets_RedCollie1/tweets/raw_download/2004217641125478677_3.jpg
/Users/bryan/BGit/Bryan_git/UAP_Murder_Docus/Physics/Physics_Math/patents_intl/1_Track/Tweets_RedCollie1/tweets/raw_download/2004217641125478677_4.jpg
/Users/bryan/BGit/Bryan_git/UAP_Murder_Docus/Physics/Physics_Math/patents_intl/1_Track/Tweets_RedCollie1/tweets/raw_download/2004306545186857142_1.jpg
/Users/bryan/BGit/Bryan_git/UAP_Murder_Docus/Physics/Physics_Math/patents_intl/1_Track/Tweets_RedCollie1/tweets/raw_download/2004306545186857142_2.jpg
/Users/bryan/BGit/Bryan_git/UAP_Murder_Docus/Physics/Physics_Math/patents_intl/1_Track/Tweets_RedCollie1/tweets/raw_download/2004306545186857142_3.jpg
/Users/bryan/BGit/Bryan_git/UAP_Murder_Docus/Physics/Physics_Math/patents_intl/1_Track/Tweets_RedCollie1/tweets/raw_download/2004306545186857142_4.jpg
/Users/bryan/BGit/Bryan_git/UAP_Murder_Docus/Physics/Physics_Math/patents_intl/1_Track/Tweets_RedCollie1/tweets/raw_download/2003981178848854234_1.jpg
/Users/bryan/BGit/Bryan_git/UAP_Murder_Docus/Physics/Physics_Math/patents_intl/1_Track/Tweets_RedCollie1/tweets/raw_download/2003707804637380895_1.jpg
/Users/bryan/BGit/Bryan_git/UAP_Murder_Docus/Physics/Physics_Math/patents_intl/1_Track/Tweets_RedCollie1/tweets/raw_download/2003707804637380895_2.jpg
/Users/bryan/BGit/Bryan_git/UAP_Murder_Docus/Physics/Physics_Math/patents_intl/1_Track/Tweets_RedCollie1/tweets/raw_download/2003707804637380895_3.jpg
/Users/bryan/BGit/Bryan_git/UAP_Murder_Docus/Physics/Physics_Math/patents_intl/1_Track/Tweets_RedCollie1/tweets/raw_download/2003707804637380895_4.jpg
/Users/bryan/BGit/Bryan_git/UAP_Murder_Docus/Physics/Physics_Math/patents_intl/1_Track/Tweets_RedCollie1/tweets/raw_download/2003734054945059165_1.jpg
/Users/bryan/BGit/Bryan_git/UAP_Murder_Docus/Physics/Physics_Math/patents_intl/1_Track/Tweets_RedCollie1/tweets/raw_download/2003734054945059165_2.jpg
/Users/bryan/BGit/Bryan_git/UAP_Murder_Docus/Physics/Physics_Math/patents_intl/1_Track/Tweets_RedCollie1/tweets/raw_download/2003734054945059165_3.jpg
/Users/bryan/BGit/Bryan_git/UAP_Murder_Docus/Physics/Physics_Math/patents_intl/1_Track/Tweets_RedCollie1/tweets/raw_download/2003734054945059165_4.jpg
/Users/bryan/BGit/Bryan_git/UAP_Murder_Docus/Physics/Physics_Math/patents_intl/1_Track/Tweets_RedCollie1/tweets/raw_download/2003159248939950448_1.jpg
/Users/bryan/BGit/Bryan_git/UAP_Murder_Docus/Physics/Physics_Math/patents_intl/1_Track/Tweets_RedCollie1/tweets/raw_download/2003159248939950448_2.jpg
/Users/bryan/BGit/Bryan_git/UAP_Murder_Docus/Physics/Physics_Math/patents_intl/1_Track/Tweets_RedCollie1/tweets/raw_download/2003159248939950448_3.jpg
/Users/bryan/BGit/Bryan_git/UAP_Murder_Docus/Physics/Physics_Math/patents_intl/1_Track/Tweets_RedCollie1/tweets/raw_download/2003159248939950448_4.jpg
/Users/bryan/BGit/Bryan_git/UAP_Murder_Docus/Physics/Physics_Math/patents_intl/1_Track/Tweets_RedCollie1/tweets/raw_download/2002530185481232416_1.jpg
/Users/bryan/BGit/Bryan_git/UAP_Murder_Docus/Physics/Physics_Math/patents_intl/1_Track/Tweets_RedCollie1/tweets/raw_download/2001871258544472173_1.jpg
/Users/bryan/BGit/Bryan_git/UAP_Murder_Docus/Physics/Physics_Math/patents_intl/1_Track/Tweets_RedCollie1/tweets/raw_download/2001871258544472173_2.jpg
/Users/bryan/BGit/Bryan_git/UAP_Murder_Docus/Physics/Physics_Math/patents_intl/1_Track/Tweets_RedCollie1/tweets/raw_download/2001871258544472173_3.jpg
/Users/bryan/BGit/Bryan_git/UAP_Murder_Docus/Physics/Physics_Math/patents_intl/1_Track/Tweets_RedCollie1/tweets/raw_download/2001871258544472173_4.jpg
/Users/bryan/BGit/Bryan_git/UAP_Murder_Docus/Physics/Physics_Math/patents_intl/1_Track/Tweets_RedCollie1/tweets/raw_download/2001875370799436046_1.mp4
/Users/bryan/BGit/Bryan_git/UAP_Murder_Docus/Physics/Physics_Math/patents_intl/1_Track/Tweets_RedCollie1/tweets/raw_download/1998888103524880743_1.jpg
/Users/bryan/BGit/Bryan_git/UAP_Murder_Docus/Physics/Physics_Math/patents_intl/1_Track/Tweets_RedCollie1/tweets/raw_download/1998888103524880743_2.jpg
/Users/bryan/BGit/Bryan_git/UAP_Murder_Docus/Physics/Physics_Math/patents_intl/1_Track/Tweets_RedCollie1/tweets/raw_download/1998811890387136778_1.jpg
/Users/bryan/BGit/Bryan_git/UAP_Murder_Docus/Physics/Physics_Math/patents_intl/1_Track/Tweets_RedCollie1/tweets/raw_download/1998811890387136778_2.jpg
/Users/bryan/BGit/Bryan_git/UAP_Murder_Docus/Physics/Physics_Math/patents_intl/1_Track/Tweets_RedCollie1/tweets/raw_download/1998811890387136778_3.jpg
/Users/bryan/BGit/Bryan_git/UAP_Murder_Docus/Physics/Physics_Math/patents_intl/1_Track/Tweets_RedCollie1/tweets/raw_download/1998811890387136778_4.jpg
/Users/bryan/BGit/Bryan_git/UAP_Murder_Docus/Physics/Physics_Math/patents_intl/1_Track/Tweets_RedCollie1/tweets/raw_download/1998834424818147508_1.jpg
/Users/bryan/BGit/Bryan_git/UAP_Murder_Docus/Physics/Physics_Math/patents_intl/1_Track/Tweets_RedCollie1/tweets/raw_download/1998842167503323364_1.jpg
/Users/bryan/BGit/Bryan_git/UAP_Murder_Docus/Physics/Physics_Math/patents_intl/1_Track/Tweets_RedCollie1/tweets/raw_download/1998517891310682172_1.jpg
/Users/bryan/BGit/Bryan_git/UAP_Murder_Docus/Physics/Physics_Math/patents_intl/1_Track/Tweets_RedCollie1/tweets/raw_download/1998517891310682172_2.jpg
/Users/bryan/BGit/Bryan_git/UAP_Murder_Docus/Physics/Physics_Math/patents_intl/1_Track/Tweets_RedCollie1/tweets/raw_download/1998517891310682172_3.jpg
/Users/bryan/BGit/Bryan_git/UAP_Murder_Docus/Physics/Physics_Math/patents_intl/1_Track/Tweets_RedCollie1/tweets/raw_download/1998517891310682172_4.jpg
/Users/bryan/BGit/Bryan_git/UAP_Murder_Docus/Physics/Physics_Math/patents_intl/1_Track/Tweets_RedCollie1/tweets/raw_download/1998519633532563716_1.jpg
/Users/bryan/BGit/Bryan_git/UAP_Murder_Docus/Physics/Physics_Math/patents_intl/1_Track/Tweets_RedCollie1/tweets/raw_download/1997843727273144689_1.jpg
/Users/bryan/BGit/Bryan_git/UAP_Murder_Docus/Physics/Physics_Math/patents_intl/1_Track/Tweets_RedCollie1/tweets/raw_download/1997843727273144689_2.jpg
/Users/bryan/BGit/Bryan_git/UAP_Murder_Docus/Physics/Physics_Math/patents_intl/1_Track/Tweets_RedCollie1/tweets/raw_download/1997843727273144689_3.jpg
/Users/bryan/BGit/Bryan_git/UAP_Murder_Docus/Physics/Physics_Math/patents_intl/1_Track/Tweets_RedCollie1/tweets/raw_download/1997843727273144689_4.jpg
/Users/bryan/BGit/Bryan_git/UAP_Murder_Docus/Physics/Physics_Math/patents_intl/1_Track/Tweets_RedCollie1/tweets/raw_download/1997852686096703853_1.jpg
/Users/bryan/BGit/Bryan_git/UAP_Murder_Docus/Physics/Physics_Math/patents_intl/1_Track/Tweets_RedCollie1/tweets/raw_download/1997852686096703853_2.jpg
/Users/bryan/BGit/Bryan_git/UAP_Murder_Docus/Physics/Physics_Math/patents_intl/1_Track/Tweets_RedCollie1/tweets/raw_download/1997852686096703853_3.jpg
/Users/bryan/BGit/Bryan_git/UAP_Murder_Docus/Physics/Physics_Math/patents_intl/1_Track/Tweets_RedCollie1/tweets/raw_download/1971417026011992485_1.jpg
/Users/bryan/BGit/Bryan_git/UAP_Murder_Docus/Physics/Physics_Math/patents_intl/1_Track/Tweets_RedCollie1/tweets/raw_download/1971417026011992485_2.jpg
/Users/bryan/BGit/Bryan_git/UAP_Murder_Docus/Physics/Physics_Math/patents_intl/1_Track/Tweets_RedCollie1/tweets/raw_download/1971417026011992485_3.jpg
/Users/bryan/BGit/Bryan_git/UAP_Murder_Docus/Physics/Physics_Math/patents_intl/1_Track/Tweets_RedCollie1/tweets/raw_download/1971417026011992485_4.jpg
/Users/bryan/BGit/Bryan_git/UAP_Murder_Docus/Physics/Physics_Math/patents_intl/1_Track/Tweets_RedCollie1/tweets/raw_download/1996010733029531891_1.jpg
/Users/bryan/BGit/Bryan_git/UAP_Murder_Docus/Physics/Physics_Math/patents_intl/1_Track/Tweets_RedCollie1/tweets/raw_download/1996010733029531891_2.jpg
/Users/bryan/BGit/Bryan_git/UAP_Murder_Docus/Physics/Physics_Math/patents_intl/1_Track/Tweets_RedCollie1/tweets/raw_download/1995202078386557399_1.jpg
/Users/bryan/BGit/Bryan_git/UAP_Murder_Docus/Physics/Physics_Math/patents_intl/1_Track/Tweets_RedCollie1/tweets/raw_download/1995202078386557399_2.jpg
/Users/bryan/BGit/Bryan_git/UAP_Murder_Docus/Physics/Physics_Math/patents_intl/1_Track/Tweets_RedCollie1/tweets/raw_download/1995203580727607586_1.jpg
/Users/bryan/BGit/Bryan_git/UAP_Murder_Docus/Physics/Physics_Math/patents_intl/1_Track/Tweets_RedCollie1/tweets/raw_download/1995203580727607586_2.jpg
/Users/bryan/BGit/Bryan_git/UAP_Murder_Docus/Physics/Physics_Math/patents_intl/1_Track/Tweets_RedCollie1/tweets/raw_download/1995203580727607586_3.jpg
/Users/bryan/BGit/Bryan_git/UAP_Murder_Docus/Physics/Physics_Math/patents_intl/1_Track/Tweets_RedCollie1/tweets/raw_download/1994438019722490030_1.jpg
/Users/bryan/BGit/Bryan_git/UAP_Murder_Docus/Physics/Physics_Math/patents_intl/1_Track/Tweets_RedCollie1/tweets/raw_download/1994438019722490030_2.jpg
/Users/bryan/BGit/Bryan_git/UAP_Murder_Docus/Physics/Physics_Math/patents_intl/1_Track/Tweets_RedCollie1/tweets/raw_download/1994087312079159667_1.jpg
/Users/bryan/BGit/Bryan_git/UAP_Murder_Docus/Physics/Physics_Math/patents_intl/1_Track/Tweets_RedCollie1/tweets/raw_download/1993357722725560550_1.mp4
/Users/bryan/BGit/Bryan_git/UAP_Murder_Docus/Physics/Physics_Math/patents_intl/1_Track/Tweets_RedCollie1/tweets/raw_download/1992958040266674440_1.jpg
/Users/bryan/BGit/Bryan_git/UAP_Murder_Docus/Physics/Physics_Math/patents_intl/1_Track/Tweets_RedCollie1/tweets/raw_download/1992958040266674440_2.jpg
/Users/bryan/BGit/Bryan_git/UAP_Murder_Docus/Physics/Physics_Math/patents_intl/1_Track/Tweets_RedCollie1/tweets/raw_download/1992958040266674440_3.jpg
/Users/bryan/BGit/Bryan_git/UAP_Murder_Docus/Physics/Physics_Math/patents_intl/1_Track/Tweets_RedCollie1/tweets/raw_download/1992958040266674440_4.jpg
/Users/bryan/BGit/Bryan_git/UAP_Murder_Docus/Physics/Physics_Math/patents_intl/1_Track/Tweets_RedCollie1/tweets/raw_download/1992652414584033462_1.jpg
/Users/bryan/BGit/Bryan_git/UAP_Murder_Docus/Physics/Physics_Math/patents_intl/1_Track/Tweets_RedCollie1/tweets/raw_download/1992655156803191004_1.jpg
/Users/bryan/BGit/Bryan_git/UAP_Murder_Docus/Physics/Physics_Math/patents_intl/1_Track/Tweets_RedCollie1/tweets/raw_download/1992655156803191004_2.jpg
/Users/bryan/BGit/Bryan_git/UAP_Murder_Docus/Physics/Physics_Math/patents_intl/1_Track/Tweets_RedCollie1/tweets/raw_download/1992659591252123825_1.jpg
/Users/bryan/BGit/Bryan_git/UAP_Murder_Docus/Physics/Physics_Math/patents_intl/1_Track/Tweets_RedCollie1/tweets/raw_download/1992659591252123825_2.jpg
/Users/bryan/BGit/Bryan_git/UAP_Murder_Docus/Physics/Physics_Math/patents_intl/1_Track/Tweets_RedCollie1/tweets/raw_download/1992659591252123825_3.jpg
/Users/bryan/BGit/Bryan_git/UAP_Murder_Docus/Physics/Physics_Math/patents_intl/1_Track/Tweets_RedCollie1/tweets/raw_download/1992013446259577103_1.jpg
/Users/bryan/BGit/Bryan_git/UAP_Murder_Docus/Physics/Physics_Math/patents_intl/1_Track/Tweets_RedCollie1/tweets/raw_download/1992013446259577103_2.jpg
/Users/bryan/BGit/Bryan_git/UAP_Murder_Docus/Physics/Physics_Math/patents_intl/1_Track/Tweets_RedCollie1/tweets/raw_download/1992013446259577103_3.jpg
/Users/bryan/BGit/Bryan_git/UAP_Murder_Docus/Physics/Physics_Math/patents_intl/1_Track/Tweets_RedCollie1/tweets/raw_download/1992013446259577103_4.jpg
/Users/bryan/BGit/Bryan_git/UAP_Murder_Docus/Physics/Physics_Math/patents_intl/1_Track/Tweets_RedCollie1/tweets/raw_download/1991629853167350003_1.jpg
/Users/bryan/BGit/Bryan_git/UAP_Murder_Docus/Physics/Physics_Math/patents_intl/1_Track/Tweets_RedCollie1/tweets/raw_download/1991629853167350003_2.jpg
/Users/bryan/BGit/Bryan_git/UAP_Murder_Docus/Physics/Physics_Math/patents_intl/1_Track/Tweets_RedCollie1/tweets/raw_download/1991629853167350003_3.jpg
/Users/bryan/BGit/Bryan_git/UAP_Murder_Docus/Physics/Physics_Math/patents_intl/1_Track/Tweets_RedCollie1/tweets/raw_download/1991273726646587756_1.jpg
/Users/bryan/BGit/Bryan_git/UAP_Murder_Docus/Physics/Physics_Math/patents_intl/1_Track/Tweets_RedCollie1/tweets/raw_download/1991273726646587756_2.jpg
/Users/bryan/BGit/Bryan_git/UAP_Murder_Docus/Physics/Physics_Math/patents_intl/1_Track/Tweets_RedCollie1/tweets/raw_download/1991273726646587756_3.jpg
/Users/bryan/BGit/Bryan_git/UAP_Murder_Docus/Physics/Physics_Math/patents_intl/1_Track/Tweets_RedCollie1/tweets/raw_download/1991273726646587756_4.jpg
/Users/bryan/BGit/Bryan_git/UAP_Murder_Docus/Physics/Physics_Math/patents_intl/1_Track/Tweets_RedCollie1/tweets/raw_download/1990891183799709919_1.mp4
/Users/bryan/BGit/Bryan_git/UAP_Murder_Docus/Physics/Physics_Math/patents_intl/1_Track/Tweets_RedCollie1/tweets/raw_download/1990538304086049132_1.jpg
/Users/bryan/BGit/Bryan_git/UAP_Murder_Docus/Physics/Physics_Math/patents_intl/1_Track/Tweets_RedCollie1/tweets/raw_download/1990186928273007068_1.jpg
/Users/bryan/BGit/Bryan_git/UAP_Murder_Docus/Physics/Physics_Math/patents_intl/1_Track/Tweets_RedCollie1/tweets/raw_download/1990186928273007068_2.jpg
/Users/bryan/BGit/Bryan_git/UAP_Murder_Docus/Physics/Physics_Math/patents_intl/1_Track/Tweets_RedCollie1/tweets/raw_download/1990186928273007068_3.jpg
/Users/bryan/BGit/Bryan_git/UAP_Murder_Docus/Physics/Physics_Math/patents_intl/1_Track/Tweets_RedCollie1/tweets/raw_download/1990186928273007068_4.jpg
/Users/bryan/BGit/Bryan_git/UAP_Murder_Docus/Physics/Physics_Math/patents_intl/1_Track/Tweets_RedCollie1/tweets/raw_download/1989707750536835088_1.jpg
/Users/bryan/BGit/Bryan_git/UAP_Murder_Docus/Physics/Physics_Math/patents_intl/1_Track/Tweets_RedCollie1/tweets/raw_download/1989707750536835088_2.jpg
/Users/bryan/BGit/Bryan_git/UAP_Murder_Docus/Physics/Physics_Math/patents_intl/1_Track/Tweets_RedCollie1/tweets/raw_download/1989707750536835088_3.jpg
/Users/bryan/BGit/Bryan_git/UAP_Murder_Docus/Physics/Physics_Math/patents_intl/1_Track/Tweets_RedCollie1/tweets/raw_download/1988993134462738764_1.jpg
/Users/bryan/BGit/Bryan_git/UAP_Murder_Docus/Physics/Physics_Math/patents_intl/1_Track/Tweets_RedCollie1/tweets/raw_download/1988993134462738764_2.jpg
/Users/bryan/BGit/Bryan_git/UAP_Murder_Docus/Physics/Physics_Math/patents_intl/1_Track/Tweets_RedCollie1/tweets/raw_download/1988993134462738764_3.jpg
/Users/bryan/BGit/Bryan_git/UAP_Murder_Docus/Physics/Physics_Math/patents_intl/1_Track/Tweets_RedCollie1/tweets/raw_download/1988993134462738764_4.jpg
/Users/bryan/BGit/Bryan_git/UAP_Murder_Docus/Physics/Physics_Math/patents_intl/1_Track/Tweets_RedCollie1/tweets/raw_download/1988997000025538765_1.jpg
/Users/bryan/BGit/Bryan_git/UAP_Murder_Docus/Physics/Physics_Math/patents_intl/1_Track/Tweets_RedCollie1/tweets/raw_download/1988997000025538765_2.jpg
/Users/bryan/BGit/Bryan_git/UAP_Murder_Docus/Physics/Physics_Math/patents_intl/1_Track/Tweets_RedCollie1/tweets/raw_download/1988997000025538765_3.jpg
/Users/bryan/BGit/Bryan_git/UAP_Murder_Docus/Physics/Physics_Math/patents_intl/1_Track/Tweets_RedCollie1/tweets/raw_download/1988997000025538765_4.jpg
/Users/bryan/BGit/Bryan_git/UAP_Murder_Docus/Physics/Physics_Math/patents_intl/1_Track/Tweets_RedCollie1/tweets/raw_download/1988998938033061899_1.jpg
/Users/bryan/BGit/Bryan_git/UAP_Murder_Docus/Physics/Physics_Math/patents_intl/1_Track/Tweets_RedCollie1/tweets/raw_download/1988998938033061899_2.jpg
/Users/bryan/BGit/Bryan_git/UAP_Murder_Docus/Physics/Physics_Math/patents_intl/1_Track/Tweets_RedCollie1/tweets/raw_download/1988535567013843014_1.mp4
/Users/bryan/BGit/Bryan_git/UAP_Murder_Docus/Physics/Physics_Math/patents_intl/1_Track/Tweets_RedCollie1/tweets/raw_download/1987965374139167139_1.jpg
/Users/bryan/BGit/Bryan_git/UAP_Murder_Docus/Physics/Physics_Math/patents_intl/1_Track/Tweets_RedCollie1/tweets/raw_download/1987511008810635336_1.jpg
/Users/bryan/BGit/Bryan_git/UAP_Murder_Docus/Physics/Physics_Math/patents_intl/1_Track/Tweets_RedCollie1/tweets/raw_download/1987511008810635336_2.jpg
/Users/bryan/BGit/Bryan_git/UAP_Murder_Docus/Physics/Physics_Math/patents_intl/1_Track/Tweets_RedCollie1/tweets/raw_download/1987511008810635336_3.jpg
[twitter][info] Waiting until 12:01:51 (rate limit)
/Users/bryan/BGit/Bryan_git/UAP_Murder_Docus/Physics/Physics_Math/patents_intl/1_Track/Tweets_RedCollie1/tweets/raw_download/1986876121850519885_1.jpg
/Users/bryan/BGit/Bryan_git/UAP_Murder_Docus/Physics/Physics_Math/patents_intl/1_Track/Tweets_RedCollie1/tweets/raw_download/1986876121850519885_2.jpg
/Users/bryan/BGit/Bryan_git/UAP_Murder_Docus/Physics/Physics_Math/patents_intl/1_Track/Tweets_RedCollie1/tweets/raw_download/1986876121850519885_3.jpg
/Users/bryan/BGit/Bryan_git/UAP_Murder_Docus/Physics/Physics_Math/patents_intl/1_Track/Tweets_RedCollie1/tweets/raw_download/1986876121850519885_4.jpg
/Users/bryan/BGit/Bryan_git/UAP_Murder_Docus/Physics/Physics_Math/patents_intl/1_Track/Tweets_RedCollie1/tweets/raw_download/1986746451376865534_1.jpg
/Users/bryan/BGit/Bryan_git/UAP_Murder_Docus/Physics/Physics_Math/patents_intl/1_Track/Tweets_RedCollie1/tweets/raw_download/1986746451376865534_2.jpg
/Users/bryan/BGit/Bryan_git/UAP_Murder_Docus/Physics/Physics_Math/patents_intl/1_Track/Tweets_RedCollie1/tweets/raw_download/1986746451376865534_3.jpg
/Users/bryan/BGit/Bryan_git/UAP_Murder_Docus/Physics/Physics_Math/patents_intl/1_Track/Tweets_RedCollie1/tweets/raw_download/1986746451376865534_4.jpg
/Users/bryan/BGit/Bryan_git/UAP_Murder_Docus/Physics/Physics_Math/patents_intl/1_Track/Tweets_RedCollie1/tweets/raw_download/1986763927766827275_1.jpg
/Users/bryan/BGit/Bryan_git/UAP_Murder_Docus/Physics/Physics_Math/patents_intl/1_Track/Tweets_RedCollie1/tweets/raw_download/1986763927766827275_2.jpg
/Users/bryan/BGit/Bryan_git/UAP_Murder_Docus/Physics/Physics_Math/patents_intl/1_Track/Tweets_RedCollie1/tweets/raw_download/1986036644735255029_1.mp4
/Users/bryan/BGit/Bryan_git/UAP_Murder_Docus/Physics/Physics_Math/patents_intl/1_Track/Tweets_RedCollie1/tweets/raw_download/1985450805999333820_1.jpg
/Users/bryan/BGit/Bryan_git/UAP_Murder_Docus/Physics/Physics_Math/patents_intl/1_Track/Tweets_RedCollie1/tweets/raw_download/1985260921438998803_1.jpg
/Users/bryan/BGit/Bryan_git/UAP_Murder_Docus/Physics/Physics_Math/patents_intl/1_Track/Tweets_RedCollie1/tweets/raw_download/1985260921438998803_2.jpg
/Users/bryan/BGit/Bryan_git/UAP_Murder_Docus/Physics/Physics_Math/patents_intl/1_Track/Tweets_RedCollie1/tweets/raw_download/1985260921438998803_3.jpg
/Users/bryan/BGit/Bryan_git/UAP_Murder_Docus/Physics/Physics_Math/patents_intl/1_Track/Tweets_RedCollie1/tweets/raw_download/1984704563874595322_1.jpg
/Users/bryan/BGit/Bryan_git/UAP_Murder_Docus/Physics/Physics_Math/patents_intl/1_Track/Tweets_RedCollie1/tweets/raw_download/1984704563874595322_2.jpg
/Users/bryan/BGit/Bryan_git/UAP_Murder_Docus/Physics/Physics_Math/patents_intl/1_Track/Tweets_RedCollie1/tweets/raw_download/1984704563874595322_3.jpg
/Users/bryan/BGit/Bryan_git/UAP_Murder_Docus/Physics/Physics_Math/patents_intl/1_Track/Tweets_RedCollie1/tweets/raw_download/1984704563874595322_4.jpg
/Users/bryan/BGit/Bryan_git/UAP_Murder_Docus/Physics/Physics_Math/patents_intl/1_Track/Tweets_RedCollie1/tweets/raw_download/1984166075290763394_1.jpg
/Users/bryan/BGit/Bryan_git/UAP_Murder_Docus/Physics/Physics_Math/patents_intl/1_Track/Tweets_RedCollie1/tweets/raw_download/1984166075290763394_2.jpg
/Users/bryan/BGit/Bryan_git/UAP_Murder_Docus/Physics/Physics_Math/patents_intl/1_Track/Tweets_RedCollie1/tweets/raw_download/1984166075290763394_3.jpg
/Users/bryan/BGit/Bryan_git/UAP_Murder_Docus/Physics/Physics_Math/patents_intl/1_Track/Tweets_RedCollie1/tweets/raw_download/1984166075290763394_4.jpg
/Users/bryan/BGit/Bryan_git/UAP_Murder_Docus/Physics/Physics_Math/patents_intl/1_Track/Tweets_RedCollie1/tweets/raw_download/1983992786736050276_1.jpg
/Users/bryan/BGit/Bryan_git/UAP_Murder_Docus/Physics/Physics_Math/patents_intl/1_Track/Tweets_RedCollie1/tweets/raw_download/1983992786736050276_2.jpg
/Users/bryan/BGit/Bryan_git/UAP_Murder_Docus/Physics/Physics_Math/patents_intl/1_Track/Tweets_RedCollie1/tweets/raw_download/1983992786736050276_3.jpg
/Users/bryan/BGit/Bryan_git/UAP_Murder_Docus/Physics/Physics_Math/patents_intl/1_Track/Tweets_RedCollie1/tweets/raw_download/1983992786736050276_4.jpg
/Users/bryan/BGit/Bryan_git/UAP_Murder_Docus/Physics/Physics_Math/patents_intl/1_Track/Tweets_RedCollie1/tweets/raw_download/1983581506871132592_1.jpg
/Users/bryan/BGit/Bryan_git/UAP_Murder_Docus/Physics/Physics_Math/patents_intl/1_Track/Tweets_RedCollie1/tweets/raw_download/1983581506871132592_2.jpg
/Users/bryan/BGit/Bryan_git/UAP_Murder_Docus/Physics/Physics_Math/patents_intl/1_Track/Tweets_RedCollie1/tweets/raw_download/1983581506871132592_3.jpg
/Users/bryan/BGit/Bryan_git/UAP_Murder_Docus/Physics/Physics_Math/patents_intl/1_Track/Tweets_RedCollie1/tweets/raw_download/1983581506871132592_4.mp4
/Users/bryan/BGit/Bryan_git/UAP_Murder_Docus/Physics/Physics_Math/patents_intl/1_Track/Tweets_RedCollie1/tweets/raw_download/1983461689929396435_1.mp4
/Users/bryan/BGit/Bryan_git/UAP_Murder_Docus/Physics/Physics_Math/patents_intl/1_Track/Tweets_RedCollie1/tweets/raw_download/1983461689929396435_2.mp4
/Users/bryan/BGit/Bryan_git/UAP_Murder_Docus/Physics/Physics_Math/patents_intl/1_Track/Tweets_RedCollie1/tweets/raw_download/1983461689929396435_3.jpg
/Users/bryan/BGit/Bryan_git/UAP_Murder_Docus/Physics/Physics_Math/patents_intl/1_Track/Tweets_RedCollie1/tweets/raw_download/1983461689929396435_4.jpg
/Users/bryan/BGit/Bryan_git/UAP_Murder_Docus/Physics/Physics_Math/patents_intl/1_Track/Tweets_RedCollie1/tweets/raw_download/1983268121365623129_1.jpg
/Users/bryan/BGit/Bryan_git/UAP_Murder_Docus/Physics/Physics_Math/patents_intl/1_Track/Tweets_RedCollie1/tweets/raw_download/1983268121365623129_2.jpg
/Users/bryan/BGit/Bryan_git/UAP_Murder_Docus/Physics/Physics_Math/patents_intl/1_Track/Tweets_RedCollie1/tweets/raw_download/1983268121365623129_3.jpg
/Users/bryan/BGit/Bryan_git/UAP_Murder_Docus/Physics/Physics_Math/patents_intl/1_Track/Tweets_RedCollie1/tweets/raw_download/1983268121365623129_4.jpg
/Users/bryan/BGit/Bryan_git/UAP_Murder_Docus/Physics/Physics_Math/patents_intl/1_Track/Tweets_RedCollie1/tweets/raw_download/1982857672777928747_1.jpg
/Users/bryan/BGit/Bryan_git/UAP_Murder_Docus/Physics/Physics_Math/patents_intl/1_Track/Tweets_RedCollie1/tweets/raw_download/1982857672777928747_2.jpg
/Users/bryan/BGit/Bryan_git/UAP_Murder_Docus/Physics/Physics_Math/patents_intl/1_Track/Tweets_RedCollie1/tweets/raw_download/1982857672777928747_3.jpg
/Users/bryan/BGit/Bryan_git/UAP_Murder_Docus/Physics/Physics_Math/patents_intl/1_Track/Tweets_RedCollie1/tweets/raw_download/1982857672777928747_4.jpg
/Users/bryan/BGit/Bryan_git/UAP_Murder_Docus/Physics/Physics_Math/patents_intl/1_Track/Tweets_RedCollie1/tweets/raw_download/1982515150088282179_1.jpg
/Users/bryan/BGit/Bryan_git/UAP_Murder_Docus/Physics/Physics_Math/patents_intl/1_Track/Tweets_RedCollie1/tweets/raw_download/1982515150088282179_2.jpg
/Users/bryan/BGit/Bryan_git/UAP_Murder_Docus/Physics/Physics_Math/patents_intl/1_Track/Tweets_RedCollie1/tweets/raw_download/1982515150088282179_3.jpg
/Users/bryan/BGit/Bryan_git/UAP_Murder_Docus/Physics/Physics_Math/patents_intl/1_Track/Tweets_RedCollie1/tweets/raw_download/1981910424174919986_1.mp4
/Users/bryan/BGit/Bryan_git/UAP_Murder_Docus/Physics/Physics_Math/patents_intl/1_Track/Tweets_RedCollie1/tweets/raw_download/1981103930269716708_1.jpg
/Users/bryan/BGit/Bryan_git/UAP_Murder_Docus/Physics/Physics_Math/patents_intl/1_Track/Tweets_RedCollie1/tweets/raw_download/1981103930269716708_2.jpg
/Users/bryan/BGit/Bryan_git/UAP_Murder_Docus/Physics/Physics_Math/patents_intl/1_Track/Tweets_RedCollie1/tweets/raw_download/1980127869176365498_1.mp4
/Users/bryan/BGit/Bryan_git/UAP_Murder_Docus/Physics/Physics_Math/patents_intl/1_Track/Tweets_RedCollie1/tweets/raw_download/1980127869176365498_2.jpg
/Users/bryan/BGit/Bryan_git/UAP_Murder_Docus/Physics/Physics_Math/patents_intl/1_Track/Tweets_RedCollie1/tweets/raw_download/1980127869176365498_3.jpg
/Users/bryan/BGit/Bryan_git/UAP_Murder_Docus/Physics/Physics_Math/patents_intl/1_Track/Tweets_RedCollie1/tweets/raw_download/1979696123842347306_1.jpg
/Users/bryan/BGit/Bryan_git/UAP_Murder_Docus/Physics/Physics_Math/patents_intl/1_Track/Tweets_RedCollie1/tweets/raw_download/1979696123842347306_2.jpg
/Users/bryan/BGit/Bryan_git/UAP_Murder_Docus/Physics/Physics_Math/patents_intl/1_Track/Tweets_RedCollie1/tweets/raw_download/1979696123842347306_3.jpg
/Users/bryan/BGit/Bryan_git/UAP_Murder_Docus/Physics/Physics_Math/patents_intl/1_Track/Tweets_RedCollie1/tweets/raw_download/1979411384728216054_1.jpg
/Users/bryan/BGit/Bryan_git/UAP_Murder_Docus/Physics/Physics_Math/patents_intl/1_Track/Tweets_RedCollie1/tweets/raw_download/1979411384728216054_2.jpg
/Users/bryan/BGit/Bryan_git/UAP_Murder_Docus/Physics/Physics_Math/patents_intl/1_Track/Tweets_RedCollie1/tweets/raw_download/1979411384728216054_3.jpg
/Users/bryan/BGit/Bryan_git/UAP_Murder_Docus/Physics/Physics_Math/patents_intl/1_Track/Tweets_RedCollie1/tweets/raw_download/1978985323523658129_1.jpg
/Users/bryan/BGit/Bryan_git/UAP_Murder_Docus/Physics/Physics_Math/patents_intl/1_Track/Tweets_RedCollie1/tweets/raw_download/1978985323523658129_2.jpg
/Users/bryan/BGit/Bryan_git/UAP_Murder_Docus/Physics/Physics_Math/patents_intl/1_Track/Tweets_RedCollie1/tweets/raw_download/1978497969226707375_1.jpg
/Users/bryan/BGit/Bryan_git/UAP_Murder_Docus/Physics/Physics_Math/patents_intl/1_Track/Tweets_RedCollie1/tweets/raw_download/1978497969226707375_2.jpg
/Users/bryan/BGit/Bryan_git/UAP_Murder_Docus/Physics/Physics_Math/patents_intl/1_Track/Tweets_RedCollie1/tweets/raw_download/1978497969226707375_3.jpg
/Users/bryan/BGit/Bryan_git/UAP_Murder_Docus/Physics/Physics_Math/patents_intl/1_Track/Tweets_RedCollie1/tweets/raw_download/1978497969226707375_4.jpg
/Users/bryan/BGit/Bryan_git/UAP_Murder_Docus/Physics/Physics_Math/patents_intl/1_Track/Tweets_RedCollie1/tweets/raw_download/1977544711687528667_1.jpg
/Users/bryan/BGit/Bryan_git/UAP_Murder_Docus/Physics/Physics_Math/patents_intl/1_Track/Tweets_RedCollie1/tweets/raw_download/1977544711687528667_2.jpg
/Users/bryan/BGit/Bryan_git/UAP_Murder_Docus/Physics/Physics_Math/patents_intl/1_Track/Tweets_RedCollie1/tweets/raw_download/1977088289825079443_1.jpg
/Users/bryan/BGit/Bryan_git/UAP_Murder_Docus/Physics/Physics_Math/patents_intl/1_Track/Tweets_RedCollie1/tweets/raw_download/1977088289825079443_2.jpg
/Users/bryan/BGit/Bryan_git/UAP_Murder_Docus/Physics/Physics_Math/patents_intl/1_Track/Tweets_RedCollie1/tweets/raw_download/1977088289825079443_3.jpg
/Users/bryan/BGit/Bryan_git/UAP_Murder_Docus/Physics/Physics_Math/patents_intl/1_Track/Tweets_RedCollie1/tweets/raw_download/1977088289825079443_4.jpg
/Users/bryan/BGit/Bryan_git/UAP_Murder_Docus/Physics/Physics_Math/patents_intl/1_Track/Tweets_RedCollie1/tweets/raw_download/1977089111279497680_1.jpg
/Users/bryan/BGit/Bryan_git/UAP_Murder_Docus/Physics/Physics_Math/patents_intl/1_Track/Tweets_RedCollie1/tweets/raw_download/1977033159448392088_1.mp4
/Users/bryan/BGit/Bryan_git/UAP_Murder_Docus/Physics/Physics_Math/patents_intl/1_Track/Tweets_RedCollie1/tweets/raw_download/1977033159448392088_2.png
/Users/bryan/BGit/Bryan_git/UAP_Murder_Docus/Physics/Physics_Math/patents_intl/1_Track/Tweets_RedCollie1/tweets/raw_download/1976758542326497660_1.jpg
/Users/bryan/BGit/Bryan_git/UAP_Murder_Docus/Physics/Physics_Math/patents_intl/1_Track/Tweets_RedCollie1/tweets/raw_download/1976758542326497660_2.jpg
/Users/bryan/BGit/Bryan_git/UAP_Murder_Docus/Physics/Physics_Math/patents_intl/1_Track/Tweets_RedCollie1/tweets/raw_download/1976319307488661724_1.jpg
/Users/bryan/BGit/Bryan_git/UAP_Murder_Docus/Physics/Physics_Math/patents_intl/1_Track/Tweets_RedCollie1/tweets/raw_download/1976319307488661724_2.jpg
/Users/bryan/BGit/Bryan_git/UAP_Murder_Docus/Physics/Physics_Math/patents_intl/1_Track/Tweets_RedCollie1/tweets/raw_download/1976319307488661724_3.jpg
/Users/bryan/BGit/Bryan_git/UAP_Murder_Docus/Physics/Physics_Math/patents_intl/1_Track/Tweets_RedCollie1/tweets/raw_download/1974886110791897127_1.jpg
/Users/bryan/BGit/Bryan_git/UAP_Murder_Docus/Physics/Physics_Math/patents_intl/1_Track/Tweets_RedCollie1/tweets/raw_download/1974886110791897127_2.jpg
/Users/bryan/BGit/Bryan_git/UAP_Murder_Docus/Physics/Physics_Math/patents_intl/1_Track/Tweets_RedCollie1/tweets/raw_download/1974886110791897127_3.jpg
/Users/bryan/BGit/Bryan_git/UAP_Murder_Docus/Physics/Physics_Math/patents_intl/1_Track/Tweets_RedCollie1/tweets/raw_download/1974886727816015993_1.jpg
/Users/bryan/BGit/Bryan_git/UAP_Murder_Docus/Physics/Physics_Math/patents_intl/1_Track/Tweets_RedCollie1/tweets/raw_download/1974164398903304616_1.jpg
/Users/bryan/BGit/Bryan_git/UAP_Murder_Docus/Physics/Physics_Math/patents_intl/1_Track/Tweets_RedCollie1/tweets/raw_download/1974164398903304616_2.jpg
/Users/bryan/BGit/Bryan_git/UAP_Murder_Docus/Physics/Physics_Math/patents_intl/1_Track/Tweets_RedCollie1/tweets/raw_download/1974164398903304616_3.jpg
/Users/bryan/BGit/Bryan_git/UAP_Murder_Docus/Physics/Physics_Math/patents_intl/1_Track/Tweets_RedCollie1/tweets/raw_download/1974165100534923425_1.jpg
/Users/bryan/BGit/Bryan_git/UAP_Murder_Docus/Physics/Physics_Math/patents_intl/1_Track/Tweets_RedCollie1/tweets/raw_download/1973588125802016785_1.jpg
/Users/bryan/BGit/Bryan_git/UAP_Murder_Docus/Physics/Physics_Math/patents_intl/1_Track/Tweets_RedCollie1/tweets/raw_download/1973588125802016785_2.jpg
/Users/bryan/BGit/Bryan_git/UAP_Murder_Docus/Physics/Physics_Math/patents_intl/1_Track/Tweets_RedCollie1/tweets/raw_download/1973588125802016785_3.jpg
/Users/bryan/BGit/Bryan_git/UAP_Murder_Docus/Physics/Physics_Math/patents_intl/1_Track/Tweets_RedCollie1/tweets/raw_download/1973588125802016785_4.jpg
/Users/bryan/BGit/Bryan_git/UAP_Murder_Docus/Physics/Physics_Math/patents_intl/1_Track/Tweets_RedCollie1/tweets/raw_download/1973119555343147497_1.jpg
/Users/bryan/BGit/Bryan_git/UAP_Murder_Docus/Physics/Physics_Math/patents_intl/1_Track/Tweets_RedCollie1/tweets/raw_download/1973119555343147497_2.jpg
/Users/bryan/BGit/Bryan_git/UAP_Murder_Docus/Physics/Physics_Math/patents_intl/1_Track/Tweets_RedCollie1/tweets/raw_download/1972865173334716814_1.jpg
/Users/bryan/BGit/Bryan_git/UAP_Murder_Docus/Physics/Physics_Math/patents_intl/1_Track/Tweets_RedCollie1/tweets/raw_download/1972865173334716814_2.jpg
/Users/bryan/BGit/Bryan_git/UAP_Murder_Docus/Physics/Physics_Math/patents_intl/1_Track/Tweets_RedCollie1/tweets/raw_download/1972865173334716814_3.jpg
/Users/bryan/BGit/Bryan_git/UAP_Murder_Docus/Physics/Physics_Math/patents_intl/1_Track/Tweets_RedCollie1/tweets/raw_download/1972865173334716814_4.jpg
/Users/bryan/BGit/Bryan_git/UAP_Murder_Docus/Physics/Physics_Math/patents_intl/1_Track/Tweets_RedCollie1/tweets/raw_download/1972434327964381436_1.jpg
/Users/bryan/BGit/Bryan_git/UAP_Murder_Docus/Physics/Physics_Math/patents_intl/1_Track/Tweets_RedCollie1/tweets/raw_download/1972434327964381436_2.jpg
/Users/bryan/BGit/Bryan_git/UAP_Murder_Docus/Physics/Physics_Math/patents_intl/1_Track/Tweets_RedCollie1/tweets/raw_download/1972434327964381436_3.jpg
/Users/bryan/BGit/Bryan_git/UAP_Murder_Docus/Physics/Physics_Math/patents_intl/1_Track/Tweets_RedCollie1/tweets/raw_download/1972358171873395170_1.jpg
/Users/bryan/BGit/Bryan_git/UAP_Murder_Docus/Physics/Physics_Math/patents_intl/1_Track/Tweets_RedCollie1/tweets/raw_download/1972358171873395170_2.jpg
/Users/bryan/BGit/Bryan_git/UAP_Murder_Docus/Physics/Physics_Math/patents_intl/1_Track/Tweets_RedCollie1/tweets/raw_download/1972358171873395170_3.jpg
/Users/bryan/BGit/Bryan_git/UAP_Murder_Docus/Physics/Physics_Math/patents_intl/1_Track/Tweets_RedCollie1/tweets/raw_download/1972358171873395170_4.jpg
/Users/bryan/BGit/Bryan_git/UAP_Murder_Docus/Physics/Physics_Math/patents_intl/1_Track/Tweets_RedCollie1/tweets/raw_download/1971960687691001922_1.jpg
/Users/bryan/BGit/Bryan_git/UAP_Murder_Docus/Physics/Physics_Math/patents_intl/1_Track/Tweets_RedCollie1/tweets/raw_download/1971960687691001922_2.jpg
/Users/bryan/BGit/Bryan_git/UAP_Murder_Docus/Physics/Physics_Math/patents_intl/1_Track/Tweets_RedCollie1/tweets/raw_download/1971960687691001922_3.jpg
/Users/bryan/BGit/Bryan_git/UAP_Murder_Docus/Physics/Physics_Math/patents_intl/1_Track/Tweets_RedCollie1/tweets/raw_download/1971960687691001922_4.jpg
/Users/bryan/BGit/Bryan_git/UAP_Murder_Docus/Physics/Physics_Math/patents_intl/1_Track/Tweets_RedCollie1/tweets/raw_download/1967032641636741573_1.jpg
/Users/bryan/BGit/Bryan_git/UAP_Murder_Docus/Physics/Physics_Math/patents_intl/1_Track/Tweets_RedCollie1/tweets/raw_download/1967032641636741573_2.jpg
/Users/bryan/BGit/Bryan_git/UAP_Murder_Docus/Physics/Physics_Math/patents_intl/1_Track/Tweets_RedCollie1/tweets/raw_download/1967032641636741573_3.jpg
/Users/bryan/BGit/Bryan_git/UAP_Murder_Docus/Physics/Physics_Math/patents_intl/1_Track/Tweets_RedCollie1/tweets/raw_download/1967032641636741573_4.mp4
/Users/bryan/BGit/Bryan_git/UAP_Murder_Docus/Physics/Physics_Math/patents_intl/1_Track/Tweets_RedCollie1/tweets/raw_download/1971372386508579183_1.jpg
/Users/bryan/BGit/Bryan_git/UAP_Murder_Docus/Physics/Physics_Math/patents_intl/1_Track/Tweets_RedCollie1/tweets/raw_download/1971343930865353079_1.mp4
/Users/bryan/BGit/Bryan_git/UAP_Murder_Docus/Physics/Physics_Math/patents_intl/1_Track/Tweets_RedCollie1/tweets/raw_download/1971343930865353079_2.mp4
/Users/bryan/BGit/Bryan_git/UAP_Murder_Docus/Physics/Physics_Math/patents_intl/1_Track/Tweets_RedCollie1/tweets/raw_download/1971343930865353079_3.jpg
/Users/bryan/BGit/Bryan_git/UAP_Murder_Docus/Physics/Physics_Math/patents_intl/1_Track/Tweets_RedCollie1/tweets/raw_download/1971343930865353079_4.jpg
/Users/bryan/BGit/Bryan_git/UAP_Murder_Docus/Physics/Physics_Math/patents_intl/1_Track/Tweets_RedCollie1/tweets/raw_download/1971011381655896275_1.mp4
/Users/bryan/BGit/Bryan_git/UAP_Murder_Docus/Physics/Physics_Math/patents_intl/1_Track/Tweets_RedCollie1/tweets/raw_download/1970265806811328586_1.jpg
/Users/bryan/BGit/Bryan_git/UAP_Murder_Docus/Physics/Physics_Math/patents_intl/1_Track/Tweets_RedCollie1/tweets/raw_download/1970265806811328586_2.mp4
/Users/bryan/BGit/Bryan_git/UAP_Murder_Docus/Physics/Physics_Math/patents_intl/1_Track/Tweets_RedCollie1/tweets/raw_download/1970769508039077928_1.jpg
/Users/bryan/BGit/Bryan_git/UAP_Murder_Docus/Physics/Physics_Math/patents_intl/1_Track/Tweets_RedCollie1/tweets/raw_download/1970223571520888992_1.mp4
/Users/bryan/BGit/Bryan_git/UAP_Murder_Docus/Physics/Physics_Math/patents_intl/1_Track/Tweets_RedCollie1/tweets/raw_download/1970195361705926830_1.jpg
/Users/bryan/BGit/Bryan_git/UAP_Murder_Docus/Physics/Physics_Math/patents_intl/1_Track/Tweets_RedCollie1/tweets/raw_download/1970195361705926830_2.jpg
/Users/bryan/BGit/Bryan_git/UAP_Murder_Docus/Physics/Physics_Math/patents_intl/1_Track/Tweets_RedCollie1/tweets/raw_download/1970195361705926830_3.jpg
/Users/bryan/BGit/Bryan_git/UAP_Murder_Docus/Physics/Physics_Math/patents_intl/1_Track/Tweets_RedCollie1/tweets/raw_download/1970195361705926830_4.jpg
/Users/bryan/BGit/Bryan_git/UAP_Murder_Docus/Physics/Physics_Math/patents_intl/1_Track/Tweets_RedCollie1/tweets/raw_download/1969805166594646032_1.jpg
/Users/bryan/BGit/Bryan_git/UAP_Murder_Docus/Physics/Physics_Math/patents_intl/1_Track/Tweets_RedCollie1/tweets/raw_download/1969805166594646032_2.jpg
/Users/bryan/BGit/Bryan_git/UAP_Murder_Docus/Physics/Physics_Math/patents_intl/1_Track/Tweets_RedCollie1/tweets/raw_download/1969611926226272296_1.jpg
/Users/bryan/BGit/Bryan_git/UAP_Murder_Docus/Physics/Physics_Math/patents_intl/1_Track/Tweets_RedCollie1/tweets/raw_download/1969476888591478829_1.jpg
/Users/bryan/BGit/Bryan_git/UAP_Murder_Docus/Physics/Physics_Math/patents_intl/1_Track/Tweets_RedCollie1/tweets/raw_download/1969476888591478829_2.jpg
/Users/bryan/BGit/Bryan_git/UAP_Murder_Docus/Physics/Physics_Math/patents_intl/1_Track/Tweets_RedCollie1/tweets/raw_download/1969476888591478829_3.jpg
/Users/bryan/BGit/Bryan_git/UAP_Murder_Docus/Physics/Physics_Math/patents_intl/1_Track/Tweets_RedCollie1/tweets/raw_download/1968474989331439616_1.mp4
/Users/bryan/BGit/Bryan_git/UAP_Murder_Docus/Physics/Physics_Math/patents_intl/1_Track/Tweets_RedCollie1/tweets/raw_download/1968474989331439616_2.jpg
/Users/bryan/BGit/Bryan_git/UAP_Murder_Docus/Physics/Physics_Math/patents_intl/1_Track/Tweets_RedCollie1/tweets/raw_download/1968474989331439616_3.jpg
/Users/bryan/BGit/Bryan_git/UAP_Murder_Docus/Physics/Physics_Math/patents_intl/1_Track/Tweets_RedCollie1/tweets/raw_download/1968474989331439616_4.jpg
/Users/bryan/BGit/Bryan_git/UAP_Murder_Docus/Physics/Physics_Math/patents_intl/1_Track/Tweets_RedCollie1/tweets/raw_download/1968487329275785217_1.jpg
/Users/bryan/BGit/Bryan_git/UAP_Murder_Docus/Physics/Physics_Math/patents_intl/1_Track/Tweets_RedCollie1/tweets/raw_download/1968487329275785217_2.jpg
/Users/bryan/BGit/Bryan_git/UAP_Murder_Docus/Physics/Physics_Math/patents_intl/1_Track/Tweets_RedCollie1/tweets/raw_download/1968487329275785217_3.jpg
/Users/bryan/BGit/Bryan_git/UAP_Murder_Docus/Physics/Physics_Math/patents_intl/1_Track/Tweets_RedCollie1/tweets/raw_download/1968487329275785217_4.jpg
/Users/bryan/BGit/Bryan_git/UAP_Murder_Docus/Physics/Physics_Math/patents_intl/1_Track/Tweets_RedCollie1/tweets/raw_download/1968733568315560384_1.jpg
/Users/bryan/BGit/Bryan_git/UAP_Murder_Docus/Physics/Physics_Math/patents_intl/1_Track/Tweets_RedCollie1/tweets/raw_download/1968733568315560384_2.jpg
/Users/bryan/BGit/Bryan_git/UAP_Murder_Docus/Physics/Physics_Math/patents_intl/1_Track/Tweets_RedCollie1/tweets/raw_download/1968733568315560384_3.jpg
/Users/bryan/BGit/Bryan_git/UAP_Murder_Docus/Physics/Physics_Math/patents_intl/1_Track/Tweets_RedCollie1/tweets/raw_download/1968733568315560384_4.jpg
/Users/bryan/BGit/Bryan_git/UAP_Murder_Docus/Physics/Physics_Math/patents_intl/1_Track/Tweets_RedCollie1/tweets/raw_download/1968140502139801750_1.jpg
/Users/bryan/BGit/Bryan_git/UAP_Murder_Docus/Physics/Physics_Math/patents_intl/1_Track/Tweets_RedCollie1/tweets/raw_download/1968140502139801750_2.jpg
/Users/bryan/BGit/Bryan_git/UAP_Murder_Docus/Physics/Physics_Math/patents_intl/1_Track/Tweets_RedCollie1/tweets/raw_download/1968378127933182098_1.jpg
/Users/bryan/BGit/Bryan_git/UAP_Murder_Docus/Physics/Physics_Math/patents_intl/1_Track/Tweets_RedCollie1/tweets/raw_download/1968039055070990345_1.jpg
/Users/bryan/BGit/Bryan_git/UAP_Murder_Docus/Physics/Physics_Math/patents_intl/1_Track/Tweets_RedCollie1/tweets/raw_download/1968039055070990345_2.jpg
/Users/bryan/BGit/Bryan_git/UAP_Murder_Docus/Physics/Physics_Math/patents_intl/1_Track/Tweets_RedCollie1/tweets/raw_download/1968039055070990345_3.jpg
/Users/bryan/BGit/Bryan_git/UAP_Murder_Docus/Physics/Physics_Math/patents_intl/1_Track/Tweets_RedCollie1/tweets/raw_download/1968039055070990345_4.jpg
/Users/bryan/BGit/Bryan_git/UAP_Murder_Docus/Physics/Physics_Math/patents_intl/1_Track/Tweets_RedCollie1/tweets/raw_download/1968040172932743355_1.jpg
/Users/bryan/BGit/Bryan_git/UAP_Murder_Docus/Physics/Physics_Math/patents_intl/1_Track/Tweets_RedCollie1/tweets/raw_download/1967747555380613173_1.jpg
/Users/bryan/BGit/Bryan_git/UAP_Murder_Docus/Physics/Physics_Math/patents_intl/1_Track/Tweets_RedCollie1/tweets/raw_download/1967747555380613173_2.jpg
/Users/bryan/BGit/Bryan_git/UAP_Murder_Docus/Physics/Physics_Math/patents_intl/1_Track/Tweets_RedCollie1/tweets/raw_download/1967747555380613173_3.jpg
/Users/bryan/BGit/Bryan_git/UAP_Murder_Docus/Physics/Physics_Math/patents_intl/1_Track/Tweets_RedCollie1/tweets/raw_download/1967747555380613173_4.jpg
/Users/bryan/BGit/Bryan_git/UAP_Murder_Docus/Physics/Physics_Math/patents_intl/1_Track/Tweets_RedCollie1/tweets/raw_download/1967750380596629688_1.jpg
/Users/bryan/BGit/Bryan_git/UAP_Murder_Docus/Physics/Physics_Math/patents_intl/1_Track/Tweets_RedCollie1/tweets/raw_download/1967650750001189298_1.jpg
/Users/bryan/BGit/Bryan_git/UAP_Murder_Docus/Physics/Physics_Math/patents_intl/1_Track/Tweets_RedCollie1/tweets/raw_download/1967650750001189298_2.jpg
/Users/bryan/BGit/Bryan_git/UAP_Murder_Docus/Physics/Physics_Math/patents_intl/1_Track/Tweets_RedCollie1/tweets/raw_download/1967650750001189298_3.jpg
/Users/bryan/BGit/Bryan_git/UAP_Murder_Docus/Physics/Physics_Math/patents_intl/1_Track/Tweets_RedCollie1/tweets/raw_download/1967650750001189298_4.jpg
/Users/bryan/BGit/Bryan_git/UAP_Murder_Docus/Physics/Physics_Math/patents_intl/1_Track/Tweets_RedCollie1/tweets/raw_download/1967656120606134740_1.jpg
/Users/bryan/BGit/Bryan_git/UAP_Murder_Docus/Physics/Physics_Math/patents_intl/1_Track/Tweets_RedCollie1/tweets/raw_download/1967656120606134740_2.jpg
/Users/bryan/BGit/Bryan_git/UAP_Murder_Docus/Physics/Physics_Math/patents_intl/1_Track/Tweets_RedCollie1/tweets/raw_download/1967375391313797556_1.mp4
/Users/bryan/BGit/Bryan_git/UAP_Murder_Docus/Physics/Physics_Math/patents_intl/1_Track/Tweets_RedCollie1/tweets/raw_download/1967375391313797556_2.jpg
/Users/bryan/BGit/Bryan_git/UAP_Murder_Docus/Physics/Physics_Math/patents_intl/1_Track/Tweets_RedCollie1/tweets/raw_download/1967375391313797556_3.jpg
/Users/bryan/BGit/Bryan_git/UAP_Murder_Docus/Physics/Physics_Math/patents_intl/1_Track/Tweets_RedCollie1/tweets/raw_download/1967376027875000561_1.jpg
/Users/bryan/BGit/Bryan_git/UAP_Murder_Docus/Physics/Physics_Math/patents_intl/1_Track/Tweets_RedCollie1/tweets/raw_download/1967376027875000561_2.jpg
/Users/bryan/BGit/Bryan_git/UAP_Murder_Docus/Physics/Physics_Math/patents_intl/1_Track/Tweets_RedCollie1/tweets/raw_download/1967376027875000561_3.jpg
/Users/bryan/BGit/Bryan_git/UAP_Murder_Docus/Physics/Physics_Math/patents_intl/1_Track/Tweets_RedCollie1/tweets/raw_download/1966254149173137775_1.jpg
/Users/bryan/BGit/Bryan_git/UAP_Murder_Docus/Physics/Physics_Math/patents_intl/1_Track/Tweets_RedCollie1/tweets/raw_download/1966254149173137775_2.jpg
/Users/bryan/BGit/Bryan_git/UAP_Murder_Docus/Physics/Physics_Math/patents_intl/1_Track/Tweets_RedCollie1/tweets/raw_download/1966254149173137775_3.jpg
/Users/bryan/BGit/Bryan_git/UAP_Murder_Docus/Physics/Physics_Math/patents_intl/1_Track/Tweets_RedCollie1/tweets/raw_download/1966254149173137775_4.jpg
/Users/bryan/BGit/Bryan_git/UAP_Murder_Docus/Physics/Physics_Math/patents_intl/1_Track/Tweets_RedCollie1/tweets/raw_download/1966066318462832733_1.jpg
/Users/bryan/BGit/Bryan_git/UAP_Murder_Docus/Physics/Physics_Math/patents_intl/1_Track/Tweets_RedCollie1/tweets/raw_download/1966066318462832733_2.jpg
/Users/bryan/BGit/Bryan_git/UAP_Murder_Docus/Physics/Physics_Math/patents_intl/1_Track/Tweets_RedCollie1/tweets/raw_download/1966066318462832733_3.jpg
/Users/bryan/BGit/Bryan_git/UAP_Murder_Docus/Physics/Physics_Math/patents_intl/1_Track/Tweets_RedCollie1/tweets/raw_download/1965483064571904455_1.jpg
/Users/bryan/BGit/Bryan_git/UAP_Murder_Docus/Physics/Physics_Math/patents_intl/1_Track/Tweets_RedCollie1/tweets/raw_download/1965483064571904455_2.jpg
/Users/bryan/BGit/Bryan_git/UAP_Murder_Docus/Physics/Physics_Math/patents_intl/1_Track/Tweets_RedCollie1/tweets/raw_download/1965483064571904455_3.jpg
/Users/bryan/BGit/Bryan_git/UAP_Murder_Docus/Physics/Physics_Math/patents_intl/1_Track/Tweets_RedCollie1/tweets/raw_download/1965493233494237594_1.jpg
/Users/bryan/BGit/Bryan_git/UAP_Murder_Docus/Physics/Physics_Math/patents_intl/1_Track/Tweets_RedCollie1/tweets/raw_download/1965493233494237594_2.jpg
/Users/bryan/BGit/Bryan_git/UAP_Murder_Docus/Physics/Physics_Math/patents_intl/1_Track/Tweets_RedCollie1/tweets/raw_download/1965997864292855831_1.jpg
/Users/bryan/BGit/Bryan_git/UAP_Murder_Docus/Physics/Physics_Math/patents_intl/1_Track/Tweets_RedCollie1/tweets/raw_download/1965119103506808846_1.jpg
/Users/bryan/BGit/Bryan_git/UAP_Murder_Docus/Physics/Physics_Math/patents_intl/1_Track/Tweets_RedCollie1/tweets/raw_download/1965119103506808846_2.jpg
/Users/bryan/BGit/Bryan_git/UAP_Murder_Docus/Physics/Physics_Math/patents_intl/1_Track/Tweets_RedCollie1/tweets/raw_download/1965119103506808846_3.jpg
/Users/bryan/BGit/Bryan_git/UAP_Murder_Docus/Physics/Physics_Math/patents_intl/1_Track/Tweets_RedCollie1/tweets/raw_download/1965119103506808846_4.jpg
/Users/bryan/BGit/Bryan_git/UAP_Murder_Docus/Physics/Physics_Math/patents_intl/1_Track/Tweets_RedCollie1/tweets/raw_download/1965120608322421027_1.jpg
/Users/bryan/BGit/Bryan_git/UAP_Murder_Docus/Physics/Physics_Math/patents_intl/1_Track/Tweets_RedCollie1/tweets/raw_download/1965120608322421027_2.jpg
/Users/bryan/BGit/Bryan_git/UAP_Murder_Docus/Physics/Physics_Math/patents_intl/1_Track/Tweets_RedCollie1/tweets/raw_download/1964104614967456074_1.jpg
/Users/bryan/BGit/Bryan_git/UAP_Murder_Docus/Physics/Physics_Math/patents_intl/1_Track/Tweets_RedCollie1/tweets/raw_download/1964104614967456074_2.jpg
/Users/bryan/BGit/Bryan_git/UAP_Murder_Docus/Physics/Physics_Math/patents_intl/1_Track/Tweets_RedCollie1/tweets/raw_download/1964104614967456074_3.jpg
/Users/bryan/BGit/Bryan_git/UAP_Murder_Docus/Physics/Physics_Math/patents_intl/1_Track/Tweets_RedCollie1/tweets/raw_download/1964104614967456074_4.jpg
/Users/bryan/BGit/Bryan_git/UAP_Murder_Docus/Physics/Physics_Math/patents_intl/1_Track/Tweets_RedCollie1/tweets/raw_download/1964106044491079907_1.jpg
/Users/bryan/BGit/Bryan_git/UAP_Murder_Docus/Physics/Physics_Math/patents_intl/1_Track/Tweets_RedCollie1/tweets/raw_download/1964106044491079907_2.jpg
/Users/bryan/BGit/Bryan_git/UAP_Murder_Docus/Physics/Physics_Math/patents_intl/1_Track/Tweets_RedCollie1/tweets/raw_download/1964107211770105866_1.jpg
/Users/bryan/BGit/Bryan_git/UAP_Murder_Docus/Physics/Physics_Math/patents_intl/1_Track/Tweets_RedCollie1/tweets/raw_download/1964105689845903667_1.jpg
/Users/bryan/BGit/Bryan_git/UAP_Murder_Docus/Physics/Physics_Math/patents_intl/1_Track/Tweets_RedCollie1/tweets/raw_download/1964105689845903667_2.jpg
/Users/bryan/BGit/Bryan_git/UAP_Murder_Docus/Physics/Physics_Math/patents_intl/1_Track/Tweets_RedCollie1/tweets/raw_download/1964105689845903667_3.jpg
/Users/bryan/BGit/Bryan_git/UAP_Murder_Docus/Physics/Physics_Math/patents_intl/1_Track/Tweets_RedCollie1/tweets/raw_download/1964004460448952651_1.jpg
/Users/bryan/BGit/Bryan_git/UAP_Murder_Docus/Physics/Physics_Math/patents_intl/1_Track/Tweets_RedCollie1/tweets/raw_download/1964004460448952651_2.jpg
/Users/bryan/BGit/Bryan_git/UAP_Murder_Docus/Physics/Physics_Math/patents_intl/1_Track/Tweets_RedCollie1/tweets/raw_download/1964004460448952651_3.jpg
/Users/bryan/BGit/Bryan_git/UAP_Murder_Docus/Physics/Physics_Math/patents_intl/1_Track/Tweets_RedCollie1/tweets/raw_download/1963764705610100973_1.jpg
/Users/bryan/BGit/Bryan_git/UAP_Murder_Docus/Physics/Physics_Math/patents_intl/1_Track/Tweets_RedCollie1/tweets/raw_download/1963764705610100973_2.jpg
/Users/bryan/BGit/Bryan_git/UAP_Murder_Docus/Physics/Physics_Math/patents_intl/1_Track/Tweets_RedCollie1/tweets/raw_download/1963764705610100973_3.jpg
/Users/bryan/BGit/Bryan_git/UAP_Murder_Docus/Physics/Physics_Math/patents_intl/1_Track/Tweets_RedCollie1/tweets/raw_download/1963764705610100973_4.jpg
/Users/bryan/BGit/Bryan_git/UAP_Murder_Docus/Physics/Physics_Math/patents_intl/1_Track/Tweets_RedCollie1/tweets/raw_download/1963765394696495403_1.jpg
/Users/bryan/BGit/Bryan_git/UAP_Murder_Docus/Physics/Physics_Math/patents_intl/1_Track/Tweets_RedCollie1/tweets/raw_download/1963765394696495403_2.jpg
/Users/bryan/BGit/Bryan_git/UAP_Murder_Docus/Physics/Physics_Math/patents_intl/1_Track/Tweets_RedCollie1/tweets/raw_download/1963765394696495403_3.jpg
/Users/bryan/BGit/Bryan_git/UAP_Murder_Docus/Physics/Physics_Math/patents_intl/1_Track/Tweets_RedCollie1/tweets/raw_download/1963765394696495403_4.jpg
/Users/bryan/BGit/Bryan_git/UAP_Murder_Docus/Physics/Physics_Math/patents_intl/1_Track/Tweets_RedCollie1/tweets/raw_download/1963765830396625033_1.jpg
/Users/bryan/BGit/Bryan_git/UAP_Murder_Docus/Physics/Physics_Math/patents_intl/1_Track/Tweets_RedCollie1/tweets/raw_download/1963765830396625033_2.jpg
/Users/bryan/BGit/Bryan_git/UAP_Murder_Docus/Physics/Physics_Math/patents_intl/1_Track/Tweets_RedCollie1/tweets/raw_download/1963765830396625033_3.jpg
/Users/bryan/BGit/Bryan_git/UAP_Murder_Docus/Physics/Physics_Math/patents_intl/1_Track/Tweets_RedCollie1/tweets/raw_download/1963765830396625033_4.jpg
/Users/bryan/BGit/Bryan_git/UAP_Murder_Docus/Physics/Physics_Math/patents_intl/1_Track/Tweets_RedCollie1/tweets/raw_download/1963678861042033049_1.jpg
/Users/bryan/BGit/Bryan_git/UAP_Murder_Docus/Physics/Physics_Math/patents_intl/1_Track/Tweets_RedCollie1/tweets/raw_download/1963678861042033049_2.jpg
# /Users/bryan/BGit/Bryan_git/UAP_Murder_Docus/Physics/Physics_Math/patents_intl/1_Track/Tweets_RedCollie1/tweets/raw_download/1962913727885258862_1.jpg
# /Users/bryan/BGit/Bryan_git/UAP_Murder_Docus/Physics/Physics_Math/patents_intl/1_Track/Tweets_RedCollie1/tweets/raw_download/1962913727885258862_2.jpg
/Users/bryan/BGit/Bryan_git/UAP_Murder_Docus/Physics/Physics_Math/patents_intl/1_Track/Tweets_RedCollie1/tweets/raw_download/1962709180143255888_1.jpg
/Users/bryan/BGit/Bryan_git/UAP_Murder_Docus/Physics/Physics_Math/patents_intl/1_Track/Tweets_RedCollie1/tweets/raw_download/1962709180143255888_2.jpg
/Users/bryan/BGit/Bryan_git/UAP_Murder_Docus/Physics/Physics_Math/patents_intl/1_Track/Tweets_RedCollie1/tweets/raw_download/1962709180143255888_3.jpg
/Users/bryan/BGit/Bryan_git/UAP_Murder_Docus/Physics/Physics_Math/patents_intl/1_Track/Tweets_RedCollie1/tweets/raw_download/1961597358397129069_1.jpg
/Users/bryan/BGit/Bryan_git/UAP_Murder_Docus/Physics/Physics_Math/patents_intl/1_Track/Tweets_RedCollie1/tweets/raw_download/1961597358397129069_2.jpg
/Users/bryan/BGit/Bryan_git/UAP_Murder_Docus/Physics/Physics_Math/patents_intl/1_Track/Tweets_RedCollie1/tweets/raw_download/1961597358397129069_3.jpg
/Users/bryan/BGit/Bryan_git/UAP_Murder_Docus/Physics/Physics_Math/patents_intl/1_Track/Tweets_RedCollie1/tweets/raw_download/1960781920754917784_1.jpg
/Users/bryan/BGit/Bryan_git/UAP_Murder_Docus/Physics/Physics_Math/patents_intl/1_Track/Tweets_RedCollie1/tweets/raw_download/1960781920754917784_2.jpg
/Users/bryan/BGit/Bryan_git/UAP_Murder_Docus/Physics/Physics_Math/patents_intl/1_Track/Tweets_RedCollie1/tweets/raw_download/1960795687429529926_1.jpg
/Users/bryan/BGit/Bryan_git/UAP_Murder_Docus/Physics/Physics_Math/patents_intl/1_Track/Tweets_RedCollie1/tweets/raw_download/1960795687429529926_2.jpg
# /Users/bryan/BGit/Bryan_git/UAP_Murder_Docus/Physics/Physics_Math/patents_intl/1_Track/Tweets_RedCollie1/tweets/raw_download/1961074846152131007_1.jpg
# /Users/bryan/BGit/Bryan_git/UAP_Murder_Docus/Physics/Physics_Math/patents_intl/1_Track/Tweets_RedCollie1/tweets/raw_download/1961074846152131007_2.mp4
/Users/bryan/BGit/Bryan_git/UAP_Murder_Docus/Physics/Physics_Math/patents_intl/1_Track/Tweets_RedCollie1/tweets/raw_download/1949666037940568311_1.jpg
/Users/bryan/BGit/Bryan_git/UAP_Murder_Docus/Physics/Physics_Math/patents_intl/1_Track/Tweets_RedCollie1/tweets/raw_download/1949666037940568311_2.jpg
/Users/bryan/BGit/Bryan_git/UAP_Murder_Docus/Physics/Physics_Math/patents_intl/1_Track/Tweets_RedCollie1/tweets/raw_download/1949666037940568311_3.jpg
/Users/bryan/BGit/Bryan_git/UAP_Murder_Docus/Physics/Physics_Math/patents_intl/1_Track/Tweets_RedCollie1/tweets/raw_download/1961034094361346242_1.jpg
/Users/bryan/BGit/Bryan_git/UAP_Murder_Docus/Physics/Physics_Math/patents_intl/1_Track/Tweets_RedCollie1/tweets/raw_download/1961034094361346242_2.jpg
/Users/bryan/BGit/Bryan_git/UAP_Murder_Docus/Physics/Physics_Math/patents_intl/1_Track/Tweets_RedCollie1/tweets/raw_download/1959728086137917932_1.mp4
/Users/bryan/BGit/Bryan_git/UAP_Murder_Docus/Physics/Physics_Math/patents_intl/1_Track/Tweets_RedCollie1/tweets/raw_download/1959734091563041097_1.jpg
/Users/bryan/BGit/Bryan_git/UAP_Murder_Docus/Physics/Physics_Math/patents_intl/1_Track/Tweets_RedCollie1/tweets/raw_download/1960723870375096615_1.png
/Users/bryan/BGit/Bryan_git/UAP_Murder_Docus/Physics/Physics_Math/patents_intl/1_Track/Tweets_RedCollie1/tweets/raw_download/1960421935667360130_1.jpg
/Users/bryan/BGit/Bryan_git/UAP_Murder_Docus/Physics/Physics_Math/patents_intl/1_Track/Tweets_RedCollie1/tweets/raw_download/1960421935667360130_2.jpg
/Users/bryan/BGit/Bryan_git/UAP_Murder_Docus/Physics/Physics_Math/patents_intl/1_Track/Tweets_RedCollie1/tweets/raw_download/1960421935667360130_3.jpg
/Users/bryan/BGit/Bryan_git/UAP_Murder_Docus/Physics/Physics_Math/patents_intl/1_Track/Tweets_RedCollie1/tweets/raw_download/1960421935667360130_4.jpg
/Users/bryan/BGit/Bryan_git/UAP_Murder_Docus/Physics/Physics_Math/patents_intl/1_Track/Tweets_RedCollie1/tweets/raw_download/1960422987490013350_1.jpg
/Users/bryan/BGit/Bryan_git/UAP_Murder_Docus/Physics/Physics_Math/patents_intl/1_Track/Tweets_RedCollie1/tweets/raw_download/1960422987490013350_2.jpg
/Users/bryan/BGit/Bryan_git/UAP_Murder_Docus/Physics/Physics_Math/patents_intl/1_Track/Tweets_RedCollie1/tweets/raw_download/1960422987490013350_3.jpg
/Users/bryan/BGit/Bryan_git/UAP_Murder_Docus/Physics/Physics_Math/patents_intl/1_Track/Tweets_RedCollie1/tweets/raw_download/1960422987490013350_4.jpg
/Users/bryan/BGit/Bryan_git/UAP_Murder_Docus/Physics/Physics_Math/patents_intl/1_Track/Tweets_RedCollie1/tweets/raw_download/1960423132772401330_1.jpg
/Users/bryan/BGit/Bryan_git/UAP_Murder_Docus/Physics/Physics_Math/patents_intl/1_Track/Tweets_RedCollie1/tweets/raw_download/1960423132772401330_2.jpg
/Users/bryan/BGit/Bryan_git/UAP_Murder_Docus/Physics/Physics_Math/patents_intl/1_Track/Tweets_RedCollie1/tweets/raw_download/1960423132772401330_3.jpg
/Users/bryan/BGit/Bryan_git/UAP_Murder_Docus/Physics/Physics_Math/patents_intl/1_Track/Tweets_RedCollie1/tweets/raw_download/1960423132772401330_4.jpg
# /Users/bryan/BGit/Bryan_git/UAP_Murder_Docus/Physics/Physics_Math/patents_intl/1_Track/Tweets_RedCollie1/tweets/raw_download/1960190187524247847_1.jpg
# /Users/bryan/BGit/Bryan_git/UAP_Murder_Docus/Physics/Physics_Math/patents_intl/1_Track/Tweets_RedCollie1/tweets/raw_download/1960190187524247847_2.jpg
# /Users/bryan/BGit/Bryan_git/UAP_Murder_Docus/Physics/Physics_Math/patents_intl/1_Track/Tweets_RedCollie1/tweets/raw_download/1960190187524247847_3.jpg
# /Users/bryan/BGit/Bryan_git/UAP_Murder_Docus/Physics/Physics_Math/patents_intl/1_Track/Tweets_RedCollie1/tweets/raw_download/1960190187524247847_4.jpg
/Users/bryan/BGit/Bryan_git/UAP_Murder_Docus/Physics/Physics_Math/patents_intl/1_Track/Tweets_RedCollie1/tweets/raw_download/1959616307877339188_1.jpg
/Users/bryan/BGit/Bryan_git/UAP_Murder_Docus/Physics/Physics_Math/patents_intl/1_Track/Tweets_RedCollie1/tweets/raw_download/1959270284982128969_1.jpg
/Users/bryan/BGit/Bryan_git/UAP_Murder_Docus/Physics/Physics_Math/patents_intl/1_Track/Tweets_RedCollie1/tweets/raw_download/1959270284982128969_2.jpg
/Users/bryan/BGit/Bryan_git/UAP_Murder_Docus/Physics/Physics_Math/patents_intl/1_Track/Tweets_RedCollie1/tweets/raw_download/1959270284982128969_3.jpg
/Users/bryan/BGit/Bryan_git/UAP_Murder_Docus/Physics/Physics_Math/patents_intl/1_Track/Tweets_RedCollie1/tweets/raw_download/1959271478811136145_1.jpg
# /Users/bryan/BGit/Bryan_git/UAP_Murder_Docus/Physics/Physics_Math/patents_intl/1_Track/Tweets_RedCollie1/tweets/raw_download/1957949285326361026_1.jpg
# /Users/bryan/BGit/Bryan_git/UAP_Murder_Docus/Physics/Physics_Math/patents_intl/1_Track/Tweets_RedCollie1/tweets/raw_download/1957949285326361026_2.jpg
# /Users/bryan/BGit/Bryan_git/UAP_Murder_Docus/Physics/Physics_Math/patents_intl/1_Track/Tweets_RedCollie1/tweets/raw_download/1957867627256168673_1.jpg
# /Users/bryan/BGit/Bryan_git/UAP_Murder_Docus/Physics/Physics_Math/patents_intl/1_Track/Tweets_RedCollie1/tweets/raw_download/1957867627256168673_2.jpg
# /Users/bryan/BGit/Bryan_git/UAP_Murder_Docus/Physics/Physics_Math/patents_intl/1_Track/Tweets_RedCollie1/tweets/raw_download/1957208185548271894_1.jpg
# /Users/bryan/BGit/Bryan_git/UAP_Murder_Docus/Physics/Physics_Math/patents_intl/1_Track/Tweets_RedCollie1/tweets/raw_download/1957208185548271894_2.jpg
# /Users/bryan/BGit/Bryan_git/UAP_Murder_Docus/Physics/Physics_Math/patents_intl/1_Track/Tweets_RedCollie1/tweets/raw_download/1957208185548271894_3.jpg
# /Users/bryan/BGit/Bryan_git/UAP_Murder_Docus/Physics/Physics_Math/patents_intl/1_Track/Tweets_RedCollie1/tweets/raw_download/1957208185548271894_4.jpg
/Users/bryan/BGit/Bryan_git/UAP_Murder_Docus/Physics/Physics_Math/patents_intl/1_Track/Tweets_RedCollie1/tweets/raw_download/1957186691002962036_1.jpg
/Users/bryan/BGit/Bryan_git/UAP_Murder_Docus/Physics/Physics_Math/patents_intl/1_Track/Tweets_RedCollie1/tweets/raw_download/1957186691002962036_2.jpg
/Users/bryan/BGit/Bryan_git/UAP_Murder_Docus/Physics/Physics_Math/patents_intl/1_Track/Tweets_RedCollie1/tweets/raw_download/1957186691002962036_3.jpg
/Users/bryan/BGit/Bryan_git/UAP_Murder_Docus/Physics/Physics_Math/patents_intl/1_Track/Tweets_RedCollie1/tweets/raw_download/1957187640198930525_1.jpg
/Users/bryan/BGit/Bryan_git/UAP_Murder_Docus/Physics/Physics_Math/patents_intl/1_Track/Tweets_RedCollie1/tweets/raw_download/1957118904251162964_1.jpg
/Users/bryan/BGit/Bryan_git/UAP_Murder_Docus/Physics/Physics_Math/patents_intl/1_Track/Tweets_RedCollie1/tweets/raw_download/1957118904251162964_2.jpg
/Users/bryan/BGit/Bryan_git/UAP_Murder_Docus/Physics/Physics_Math/patents_intl/1_Track/Tweets_RedCollie1/tweets/raw_download/1957118904251162964_3.jpg
# /Users/bryan/BGit/Bryan_git/UAP_Murder_Docus/Physics/Physics_Math/patents_intl/1_Track/Tweets_RedCollie1/tweets/raw_download/1956322284517368174_1.jpg
# /Users/bryan/BGit/Bryan_git/UAP_Murder_Docus/Physics/Physics_Math/patents_intl/1_Track/Tweets_RedCollie1/tweets/raw_download/1956322284517368174_2.jpg
/Users/bryan/BGit/Bryan_git/UAP_Murder_Docus/Physics/Physics_Math/patents_intl/1_Track/Tweets_RedCollie1/tweets/raw_download/1955607027700674583_1.jpg
/Users/bryan/BGit/Bryan_git/UAP_Murder_Docus/Physics/Physics_Math/patents_intl/1_Track/Tweets_RedCollie1/tweets/raw_download/1955607027700674583_2.jpg
/Users/bryan/BGit/Bryan_git/UAP_Murder_Docus/Physics/Physics_Math/patents_intl/1_Track/Tweets_RedCollie1/tweets/raw_download/1955443458870743476_1.jpg
/Users/bryan/BGit/Bryan_git/UAP_Murder_Docus/Physics/Physics_Math/patents_intl/1_Track/Tweets_RedCollie1/tweets/raw_download/1955443458870743476_2.jpg
/Users/bryan/BGit/Bryan_git/UAP_Murder_Docus/Physics/Physics_Math/patents_intl/1_Track/Tweets_RedCollie1/tweets/raw_download/1955443458870743476_3.jpg
/Users/bryan/BGit/Bryan_git/UAP_Murder_Docus/Physics/Physics_Math/patents_intl/1_Track/Tweets_RedCollie1/tweets/raw_download/1955443458870743476_4.jpg
/Users/bryan/BGit/Bryan_git/UAP_Murder_Docus/Physics/Physics_Math/patents_intl/1_Track/Tweets_RedCollie1/tweets/raw_download/1954888166730797271_1.jpg
/Users/bryan/BGit/Bryan_git/UAP_Murder_Docus/Physics/Physics_Math/patents_intl/1_Track/Tweets_RedCollie1/tweets/raw_download/1954888166730797271_2.jpg
/Users/bryan/BGit/Bryan_git/UAP_Murder_Docus/Physics/Physics_Math/patents_intl/1_Track/Tweets_RedCollie1/tweets/raw_download/1954888166730797271_3.jpg
/Users/bryan/BGit/Bryan_git/UAP_Murder_Docus/Physics/Physics_Math/patents_intl/1_Track/Tweets_RedCollie1/tweets/raw_download/1954888166730797271_4.jpg
/Users/bryan/BGit/Bryan_git/UAP_Murder_Docus/Physics/Physics_Math/patents_intl/1_Track/Tweets_RedCollie1/tweets/raw_download/1954879833910939700_1.jpg
/Users/bryan/BGit/Bryan_git/UAP_Murder_Docus/Physics/Physics_Math/patents_intl/1_Track/Tweets_RedCollie1/tweets/raw_download/1954879833910939700_2.jpg
/Users/bryan/BGit/Bryan_git/UAP_Murder_Docus/Physics/Physics_Math/patents_intl/1_Track/Tweets_RedCollie1/tweets/raw_download/1954698299329618077_1.jpg
/Users/bryan/BGit/Bryan_git/UAP_Murder_Docus/Physics/Physics_Math/patents_intl/1_Track/Tweets_RedCollie1/tweets/raw_download/1954698299329618077_2.jpg
/Users/bryan/BGit/Bryan_git/UAP_Murder_Docus/Physics/Physics_Math/patents_intl/1_Track/Tweets_RedCollie1/tweets/raw_download/1954698299329618077_3.jpg
/Users/bryan/BGit/Bryan_git/UAP_Murder_Docus/Physics/Physics_Math/patents_intl/1_Track/Tweets_RedCollie1/tweets/raw_download/1954698299329618077_4.jpg
/Users/bryan/BGit/Bryan_git/UAP_Murder_Docus/Physics/Physics_Math/patents_intl/1_Track/Tweets_RedCollie1/tweets/raw_download/1954657162808144283_1.png
/Users/bryan/BGit/Bryan_git/UAP_Murder_Docus/Physics/Physics_Math/patents_intl/1_Track/Tweets_RedCollie1/tweets/raw_download/1954657162808144283_2.jpg
/Users/bryan/BGit/Bryan_git/UAP_Murder_Docus/Physics/Physics_Math/patents_intl/1_Track/Tweets_RedCollie1/tweets/raw_download/1954687227646345412_1.jpg
/Users/bryan/BGit/Bryan_git/UAP_Murder_Docus/Physics/Physics_Math/patents_intl/1_Track/Tweets_RedCollie1/tweets/raw_download/1954687227646345412_2.jpg
/Users/bryan/BGit/Bryan_git/UAP_Murder_Docus/Physics/Physics_Math/patents_intl/1_Track/Tweets_RedCollie1/tweets/raw_download/1953250451903922592_1.jpg
/Users/bryan/BGit/Bryan_git/UAP_Murder_Docus/Physics/Physics_Math/patents_intl/1_Track/Tweets_RedCollie1/tweets/raw_download/1953250451903922592_2.jpg
/Users/bryan/BGit/Bryan_git/UAP_Murder_Docus/Physics/Physics_Math/patents_intl/1_Track/Tweets_RedCollie1/tweets/raw_download/1953227539759178086_1.jpg
/Users/bryan/BGit/Bryan_git/UAP_Murder_Docus/Physics/Physics_Math/patents_intl/1_Track/Tweets_RedCollie1/tweets/raw_download/1953227539759178086_2.jpg
/Users/bryan/BGit/Bryan_git/UAP_Murder_Docus/Physics/Physics_Math/patents_intl/1_Track/Tweets_RedCollie1/tweets/raw_download/1953230049169276984_1.jpg
/Users/bryan/BGit/Bryan_git/UAP_Murder_Docus/Physics/Physics_Math/patents_intl/1_Track/Tweets_RedCollie1/tweets/raw_download/1953083055276445894_1.jpg
/Users/bryan/BGit/Bryan_git/UAP_Murder_Docus/Physics/Physics_Math/patents_intl/1_Track/Tweets_RedCollie1/tweets/raw_download/1953083055276445894_2.jpg
/Users/bryan/BGit/Bryan_git/UAP_Murder_Docus/Physics/Physics_Math/patents_intl/1_Track/Tweets_RedCollie1/tweets/raw_download/1953085796409336262_1.jpg
/Users/bryan/BGit/Bryan_git/UAP_Murder_Docus/Physics/Physics_Math/patents_intl/1_Track/Tweets_RedCollie1/tweets/raw_download/1951369411111141753_1.jpg
/Users/bryan/BGit/Bryan_git/UAP_Murder_Docus/Physics/Physics_Math/patents_intl/1_Track/Tweets_RedCollie1/tweets/raw_download/1951369411111141753_2.jpg
/Users/bryan/BGit/Bryan_git/UAP_Murder_Docus/Physics/Physics_Math/patents_intl/1_Track/Tweets_RedCollie1/tweets/raw_download/1951014846566375806_1.jpg
/Users/bryan/BGit/Bryan_git/UAP_Murder_Docus/Physics/Physics_Math/patents_intl/1_Track/Tweets_RedCollie1/tweets/raw_download/1951014846566375806_2.jpg
/Users/bryan/BGit/Bryan_git/UAP_Murder_Docus/Physics/Physics_Math/patents_intl/1_Track/Tweets_RedCollie1/tweets/raw_download/1951014846566375806_3.jpg
/Users/bryan/BGit/Bryan_git/UAP_Murder_Docus/Physics/Physics_Math/patents_intl/1_Track/Tweets_RedCollie1/tweets/raw_download/1951014846566375806_4.jpg
/Users/bryan/BGit/Bryan_git/UAP_Murder_Docus/Physics/Physics_Math/patents_intl/1_Track/Tweets_RedCollie1/tweets/raw_download/1950898173280494032_1.jpg
/Users/bryan/BGit/Bryan_git/UAP_Murder_Docus/Physics/Physics_Math/patents_intl/1_Track/Tweets_RedCollie1/tweets/raw_download/1950898173280494032_2.jpg
/Users/bryan/BGit/Bryan_git/UAP_Murder_Docus/Physics/Physics_Math/patents_intl/1_Track/Tweets_RedCollie1/tweets/raw_download/1950898173280494032_3.jpg
/Users/bryan/BGit/Bryan_git/UAP_Murder_Docus/Physics/Physics_Math/patents_intl/1_Track/Tweets_RedCollie1/tweets/raw_download/1949866643892424989_1.jpg
/Users/bryan/BGit/Bryan_git/UAP_Murder_Docus/Physics/Physics_Math/patents_intl/1_Track/Tweets_RedCollie1/tweets/raw_download/1949866643892424989_2.jpg
/Users/bryan/BGit/Bryan_git/UAP_Murder_Docus/Physics/Physics_Math/patents_intl/1_Track/Tweets_RedCollie1/tweets/raw_download/1949263078044082454_1.jpg
/Users/bryan/BGit/Bryan_git/UAP_Murder_Docus/Physics/Physics_Math/patents_intl/1_Track/Tweets_RedCollie1/tweets/raw_download/1948443004500312226_1.jpg
/Users/bryan/BGit/Bryan_git/UAP_Murder_Docus/Physics/Physics_Math/patents_intl/1_Track/Tweets_RedCollie1/tweets/raw_download/1948443004500312226_2.jpg
/Users/bryan/BGit/Bryan_git/UAP_Murder_Docus/Physics/Physics_Math/patents_intl/1_Track/Tweets_RedCollie1/tweets/raw_download/1948443004500312226_3.jpg
/Users/bryan/BGit/Bryan_git/UAP_Murder_Docus/Physics/Physics_Math/patents_intl/1_Track/Tweets_RedCollie1/tweets/raw_download/1947848358636236884_1.jpg
/Users/bryan/BGit/Bryan_git/UAP_Murder_Docus/Physics/Physics_Math/patents_intl/1_Track/Tweets_RedCollie1/tweets/raw_download/1947848358636236884_2.jpg
# /Users/bryan/BGit/Bryan_git/UAP_Murder_Docus/Physics/Physics_Math/patents_intl/1_Track/Tweets_RedCollie1/tweets/raw_download/1948075676742865266_1.jpg
# /Users/bryan/BGit/Bryan_git/UAP_Murder_Docus/Physics/Physics_Math/patents_intl/1_Track/Tweets_RedCollie1/tweets/raw_download/1948075676742865266_2.jpg
# /Users/bryan/BGit/Bryan_git/UAP_Murder_Docus/Physics/Physics_Math/patents_intl/1_Track/Tweets_RedCollie1/tweets/raw_download/1948075676742865266_3.jpg
# /Users/bryan/BGit/Bryan_git/UAP_Murder_Docus/Physics/Physics_Math/patents_intl/1_Track/Tweets_RedCollie1/tweets/raw_download/1948075676742865266_4.jpg
/Users/bryan/BGit/Bryan_git/UAP_Murder_Docus/Physics/Physics_Math/patents_intl/1_Track/Tweets_RedCollie1/tweets/raw_download/1947402241414967462_1.jpg
/Users/bryan/BGit/Bryan_git/UAP_Murder_Docus/Physics/Physics_Math/patents_intl/1_Track/Tweets_RedCollie1/tweets/raw_download/1947402241414967462_2.jpg
/Users/bryan/BGit/Bryan_git/UAP_Murder_Docus/Physics/Physics_Math/patents_intl/1_Track/Tweets_RedCollie1/tweets/raw_download/1947402241414967462_3.jpg
/Users/bryan/BGit/Bryan_git/UAP_Murder_Docus/Physics/Physics_Math/patents_intl/1_Track/Tweets_RedCollie1/tweets/raw_download/1947320307271827778_1.jpg
/Users/bryan/BGit/Bryan_git/UAP_Murder_Docus/Physics/Physics_Math/patents_intl/1_Track/Tweets_RedCollie1/tweets/raw_download/1947320307271827778_2.jpg
/Users/bryan/BGit/Bryan_git/UAP_Murder_Docus/Physics/Physics_Math/patents_intl/1_Track/Tweets_RedCollie1/tweets/raw_download/1946954159770476553_1.jpg
/Users/bryan/BGit/Bryan_git/UAP_Murder_Docus/Physics/Physics_Math/patents_intl/1_Track/Tweets_RedCollie1/tweets/raw_download/1946954159770476553_2.jpg
/Users/bryan/BGit/Bryan_git/UAP_Murder_Docus/Physics/Physics_Math/patents_intl/1_Track/Tweets_RedCollie1/tweets/raw_download/1946954159770476553_3.jpg
/Users/bryan/BGit/Bryan_git/UAP_Murder_Docus/Physics/Physics_Math/patents_intl/1_Track/Tweets_RedCollie1/tweets/raw_download/1946954159770476553_4.jpg
/Users/bryan/BGit/Bryan_git/UAP_Murder_Docus/Physics/Physics_Math/patents_intl/1_Track/Tweets_RedCollie1/tweets/raw_download/1946362904707493972_1.jpg
/Users/bryan/BGit/Bryan_git/UAP_Murder_Docus/Physics/Physics_Math/patents_intl/1_Track/Tweets_RedCollie1/tweets/raw_download/1946362904707493972_2.jpg
/Users/bryan/BGit/Bryan_git/UAP_Murder_Docus/Physics/Physics_Math/patents_intl/1_Track/Tweets_RedCollie1/tweets/raw_download/1943083230841688069_1.jpg
/Users/bryan/BGit/Bryan_git/UAP_Murder_Docus/Physics/Physics_Math/patents_intl/1_Track/Tweets_RedCollie1/tweets/raw_download/1943087443017629820_1.jpg
/Users/bryan/BGit/Bryan_git/UAP_Murder_Docus/Physics/Physics_Math/patents_intl/1_Track/Tweets_RedCollie1/tweets/raw_download/1943087443017629820_2.jpg
/Users/bryan/BGit/Bryan_git/UAP_Murder_Docus/Physics/Physics_Math/patents_intl/1_Track/Tweets_RedCollie1/tweets/raw_download/1943087443017629820_3.jpg
/Users/bryan/BGit/Bryan_git/UAP_Murder_Docus/Physics/Physics_Math/patents_intl/1_Track/Tweets_RedCollie1/tweets/raw_download/1943087443017629820_4.jpg
/Users/bryan/BGit/Bryan_git/UAP_Murder_Docus/Physics/Physics_Math/patents_intl/1_Track/Tweets_RedCollie1/tweets/raw_download/1942358970099712335_1.png
/Users/bryan/BGit/Bryan_git/UAP_Murder_Docus/Physics/Physics_Math/patents_intl/1_Track/Tweets_RedCollie1/tweets/raw_download/1940892737018253716_1.jpg
/Users/bryan/BGit/Bryan_git/UAP_Murder_Docus/Physics/Physics_Math/patents_intl/1_Track/Tweets_RedCollie1/tweets/raw_download/1940892737018253716_2.jpg
/Users/bryan/BGit/Bryan_git/UAP_Murder_Docus/Physics/Physics_Math/patents_intl/1_Track/Tweets_RedCollie1/tweets/raw_download/1940892737018253716_3.jpg
/Users/bryan/BGit/Bryan_git/UAP_Murder_Docus/Physics/Physics_Math/patents_intl/1_Track/Tweets_RedCollie1/tweets/raw_download/1940894365683249312_1.jpg
/Users/bryan/BGit/Bryan_git/UAP_Murder_Docus/Physics/Physics_Math/patents_intl/1_Track/Tweets_RedCollie1/tweets/raw_download/1940894365683249312_2.jpg
/Users/bryan/BGit/Bryan_git/UAP_Murder_Docus/Physics/Physics_Math/patents_intl/1_Track/Tweets_RedCollie1/tweets/raw_download/1939034707443822759_1.jpg
/Users/bryan/BGit/Bryan_git/UAP_Murder_Docus/Physics/Physics_Math/patents_intl/1_Track/Tweets_RedCollie1/tweets/raw_download/1935999429024317560_1.jpg
/Users/bryan/BGit/Bryan_git/UAP_Murder_Docus/Physics/Physics_Math/patents_intl/1_Track/Tweets_RedCollie1/tweets/raw_download/1935999429024317560_2.jpg
/Users/bryan/BGit/Bryan_git/UAP_Murder_Docus/Physics/Physics_Math/patents_intl/1_Track/Tweets_RedCollie1/tweets/raw_download/1935744368511525349_1.jpg
/Users/bryan/BGit/Bryan_git/UAP_Murder_Docus/Physics/Physics_Math/patents_intl/1_Track/Tweets_RedCollie1/tweets/raw_download/1935744368511525349_2.jpg
/Users/bryan/BGit/Bryan_git/UAP_Murder_Docus/Physics/Physics_Math/patents_intl/1_Track/Tweets_RedCollie1/tweets/raw_download/1935744368511525349_3.jpg
/Users/bryan/BGit/Bryan_git/UAP_Murder_Docus/Physics/Physics_Math/patents_intl/1_Track/Tweets_RedCollie1/tweets/raw_download/1935744368511525349_4.jpg
/Users/bryan/BGit/Bryan_git/UAP_Murder_Docus/Physics/Physics_Math/patents_intl/1_Track/Tweets_RedCollie1/tweets/raw_download/1935455484598960621_1.jpg
/Users/bryan/BGit/Bryan_git/UAP_Murder_Docus/Physics/Physics_Math/patents_intl/1_Track/Tweets_RedCollie1/tweets/raw_download/1935455484598960621_2.jpg
/Users/bryan/BGit/Bryan_git/UAP_Murder_Docus/Physics/Physics_Math/patents_intl/1_Track/Tweets_RedCollie1/tweets/raw_download/1935455484598960621_3.jpg
/Users/bryan/BGit/Bryan_git/UAP_Murder_Docus/Physics/Physics_Math/patents_intl/1_Track/Tweets_RedCollie1/tweets/raw_download/1934680512154542174_1.jpg
/Users/bryan/BGit/Bryan_git/UAP_Murder_Docus/Physics/Physics_Math/patents_intl/1_Track/Tweets_RedCollie1/tweets/raw_download/1934680512154542174_2.jpg
/Users/bryan/BGit/Bryan_git/UAP_Murder_Docus/Physics/Physics_Math/patents_intl/1_Track/Tweets_RedCollie1/tweets/raw_download/1934680512154542174_3.jpg
/Users/bryan/BGit/Bryan_git/UAP_Murder_Docus/Physics/Physics_Math/patents_intl/1_Track/Tweets_RedCollie1/tweets/raw_download/1934682526615748951_1.jpg
/Users/bryan/BGit/Bryan_git/UAP_Murder_Docus/Physics/Physics_Math/patents_intl/1_Track/Tweets_RedCollie1/tweets/raw_download/1934682526615748951_2.jpg
# /Users/bryan/BGit/Bryan_git/UAP_Murder_Docus/Physics/Physics_Math/patents_intl/1_Track/Tweets_RedCollie1/tweets/raw_download/1934282482930557202_1.mp4
/Users/bryan/BGit/Bryan_git/UAP_Murder_Docus/Physics/Physics_Math/patents_intl/1_Track/Tweets_RedCollie1/tweets/raw_download/1934189192797712810_1.jpg
# /Users/bryan/BGit/Bryan_git/UAP_Murder_Docus/Physics/Physics_Math/patents_intl/1_Track/Tweets_RedCollie1/tweets/raw_download/1933856028463911173_1.jpg
# /Users/bryan/BGit/Bryan_git/UAP_Murder_Docus/Physics/Physics_Math/patents_intl/1_Track/Tweets_RedCollie1/tweets/raw_download/1933856028463911173_2.jpg
# /Users/bryan/BGit/Bryan_git/UAP_Murder_Docus/Physics/Physics_Math/patents_intl/1_Track/Tweets_RedCollie1/tweets/raw_download/1933856028463911173_3.jpg
# /Users/bryan/BGit/Bryan_git/UAP_Murder_Docus/Physics/Physics_Math/patents_intl/1_Track/Tweets_RedCollie1/tweets/raw_download/1933856028463911173_4.jpg
/Users/bryan/BGit/Bryan_git/UAP_Murder_Docus/Physics/Physics_Math/patents_intl/1_Track/Tweets_RedCollie1/tweets/raw_download/1932557568771317797_1.jpg
/Users/bryan/BGit/Bryan_git/UAP_Murder_Docus/Physics/Physics_Math/patents_intl/1_Track/Tweets_RedCollie1/tweets/raw_download/1932463541639934325_1.jpg
/Users/bryan/BGit/Bryan_git/UAP_Murder_Docus/Physics/Physics_Math/patents_intl/1_Track/Tweets_RedCollie1/tweets/raw_download/1932463541639934325_2.jpg
/Users/bryan/BGit/Bryan_git/UAP_Murder_Docus/Physics/Physics_Math/patents_intl/1_Track/Tweets_RedCollie1/tweets/raw_download/1932401003254480976_1.jpg
/Users/bryan/BGit/Bryan_git/UAP_Murder_Docus/Physics/Physics_Math/patents_intl/1_Track/Tweets_RedCollie1/tweets/raw_download/1932068660199272668_1.jpg
/Users/bryan/BGit/Bryan_git/UAP_Murder_Docus/Physics/Physics_Math/patents_intl/1_Track/Tweets_RedCollie1/tweets/raw_download/1931715099166712139_1.mp4
/Users/bryan/BGit/Bryan_git/UAP_Murder_Docus/Physics/Physics_Math/patents_intl/1_Track/Tweets_RedCollie1/tweets/raw_download/1931715099166712139_2.mp4
/Users/bryan/BGit/Bryan_git/UAP_Murder_Docus/Physics/Physics_Math/patents_intl/1_Track/Tweets_RedCollie1/tweets/raw_download/1931715099166712139_3.jpg
/Users/bryan/BGit/Bryan_git/UAP_Murder_Docus/Physics/Physics_Math/patents_intl/1_Track/Tweets_RedCollie1/tweets/raw_download/1931715099166712139_4.jpg
/Users/bryan/BGit/Bryan_git/UAP_Murder_Docus/Physics/Physics_Math/patents_intl/1_Track/Tweets_RedCollie1/tweets/raw_download/1930415781755437389_1.png
/Users/bryan/BGit/Bryan_git/UAP_Murder_Docus/Physics/Physics_Math/patents_intl/1_Track/Tweets_RedCollie1/tweets/raw_download/1930415781755437389_2.png
/Users/bryan/BGit/Bryan_git/UAP_Murder_Docus/Physics/Physics_Math/patents_intl/1_Track/Tweets_RedCollie1/tweets/raw_download/1924157772335132986_1.png
/Users/bryan/BGit/Bryan_git/UAP_Murder_Docus/Physics/Physics_Math/patents_intl/1_Track/Tweets_RedCollie1/tweets/raw_download/1924157772335132986_2.png
/Users/bryan/BGit/Bryan_git/UAP_Murder_Docus/Physics/Physics_Math/patents_intl/1_Track/Tweets_RedCollie1/tweets/raw_download/1924165513992671472_1.mp4
/Users/bryan/BGit/Bryan_git/UAP_Murder_Docus/Physics/Physics_Math/patents_intl/1_Track/Tweets_RedCollie1/tweets/raw_download/1897807278872338875_1.mp4
/Users/bryan/BGit/Bryan_git/UAP_Murder_Docus/Physics/Physics_Math/patents_intl/1_Track/Tweets_RedCollie1/tweets/raw_download/1892597898950435190_1.jpg
/Users/bryan/BGit/Bryan_git/UAP_Murder_Docus/Physics/Physics_Math/patents_intl/1_Track/Tweets_RedCollie1/tweets/raw_download/1892597898950435190_2.png
/Users/bryan/BGit/Bryan_git/UAP_Murder_Docus/Physics/Physics_Math/patents_intl/1_Track/Tweets_RedCollie1/tweets/raw_download/1879260641913090470_1.jpg
/Users/bryan/BGit/Bryan_git/UAP_Murder_Docus/Physics/Physics_Math/patents_intl/1_Track/Tweets_RedCollie1/tweets/raw_download/1879260641913090470_2.png
# /Users/bryan/BGit/Bryan_git/UAP_Murder_Docus/Physics/Physics_Math/patents_intl/1_Track/Tweets_RedCollie1/tweets/raw_download/1879051181269618830_1.jpg
# /Users/bryan/BGit/Bryan_git/UAP_Murder_Docus/Physics/Physics_Math/patents_intl/1_Track/Tweets_RedCollie1/tweets/raw_download/1879051181269618830_2.png
